{
  "1": {
    "Position": 1,
    "AttackRange": 0,
    "MoveRange": 0,
    "BaseCritRate": 0,
    "GrowCritRate": 0,
    "BaseDamageBack": 0,
    "GrowDamageBack": 0,
    "PropertyAdd": [],
    "ek": {
      "type": 3
    }
  },
  "2": {
    "Position": 1,
    "AttackRange": 0,
    "MoveRange": 0,
    "BaseCritRate": 0,
    "GrowCritRate": 0,
    "BaseDamageBack": 0,
    "GrowDamageBack": 0,
    "PropertyAdd": [],
    "ek": {
      "type": 3
    }
  },
  "3": {
    "Position": 1,
    "AttackRange": 0,
    "MoveRange": 0,
    "BaseCritRate": 0,
    "GrowCritRate": 0,
    "BaseDamageBack": 0,
    "GrowDamageBack": 0,
    "PropertyAdd": [],
    "ek": {
      "type": 5
    }
  },
  "4": {
    "Position": 1,
    "AttackRange": 0,
    "MoveRange": 0,
    "BaseCritRate": 0,
    "GrowCritRate": 0,
    "BaseDamageBack": 0,
    "GrowDamageBack": 0,
    "PropertyAdd": [],
    "ek": {
      "type": 5
    }
  },
  "5": {
    "Position": 1,
    "AttackRange": 0,
    "MoveRange": 0,
    "BaseCritRate": 0,
    "GrowCritRate": 0,
    "BaseDamageBack": 0,
    "GrowDamageBack": 0,
    "PropertyAdd": []
  },
  "6": {
    "Position": 1,
    "AttackRange": 0,
    "MoveRange": 0,
    "BaseCritRate": 0,
    "GrowCritRate": 0,
    "BaseDamageBack": 0,
    "GrowDamageBack": 0,
    "PropertyAdd": []
  },
  "7": {
    "Position": 1,
    "AttackRange": 0,
    "MoveRange": 0,
    "BaseCritRate": 0,
    "GrowCritRate": 0,
    "BaseDamageBack": 0,
    "GrowDamageBack": 0,
    "PropertyAdd": []
  },
  "8": {
    "Position": 1,
    "AttackRange": 0,
    "MoveRange": 0,
    "BaseCritRate": 0,
    "GrowCritRate": 0,
    "BaseDamageBack": 0,
    "GrowDamageBack": 0,
    "PropertyAdd": []
  },
  "9": {
    "Position": 1,
    "AttackRange": 0,
    "MoveRange": 0,
    "BaseCritRate": 0,
    "GrowCritRate": 0,
    "BaseDamageBack": 0,
    "GrowDamageBack": 0,
    "PropertyAdd": []
  },
  "10": {
    "Position": 1,
    "AttackRange": 0,
    "MoveRange": 0,
    "BaseCritRate": 0,
    "GrowCritRate": 0,
    "BaseDamageBack": 0,
    "GrowDamageBack": 0,
    "PropertyAdd": []
  },
  "11": {
    "Position": 1,
    "AttackRange": 0,
    "MoveRange": 0,
    "BaseCritRate": 0,
    "GrowCritRate": 0,
    "BaseDamageBack": 0,
    "GrowDamageBack": 0,
    "PropertyAdd": []
  },
  "12": {
    "Position": 1,
    "AttackRange": 0,
    "MoveRange": 0,
    "BaseCritRate": 0,
    "GrowCritRate": 0,
    "BaseDamageBack": 0,
    "GrowDamageBack": 0,
    "PropertyAdd": []
  },
  "13": {
    "Position": 1,
    "AttackRange": 0,
    "MoveRange": 0,
    "BaseCritRate": 0,
    "GrowCritRate": 0,
    "BaseDamageBack": 0,
    "GrowDamageBack": 0,
    "PropertyAdd": []
  },
  "14": {
    "Position": 1,
    "AttackRange": 0,
    "MoveRange": 0,
    "BaseCritRate": 0,
    "GrowCritRate": 0,
    "BaseDamageBack": 0,
    "GrowDamageBack": 0,
    "PropertyAdd": []
  },
  "15": {
    "Position": 1,
    "AttackRange": 0,
    "MoveRange": 0,
    "BaseCritRate": 0,
    "GrowCritRate": 0,
    "BaseDamageBack": 0,
    "GrowDamageBack": 0,
    "PropertyAdd": []
  },
  "16": {
    "Position": 1,
    "AttackRange": 0,
    "MoveRange": 0,
    "BaseCritRate": 0,
    "GrowCritRate": 0,
    "BaseDamageBack": 0,
    "GrowDamageBack": 0,
    "PropertyAdd": []
  },
  "17": {
    "Position": 1,
    "AttackRange": 0,
    "MoveRange": 0,
    "BaseCritRate": 0,
    "GrowCritRate": 0,
    "BaseDamageBack": 0,
    "GrowDamageBack": 0,
    "PropertyAdd": []
  },
  "18": {
    "Position": 1,
    "AttackRange": 30,
    "MoveRange": 20,
    "BaseCritRate": 100,
    "GrowCritRate": 0,
    "BaseDamageBack": 0,
    "GrowDamageBack": 0,
    "PropertyAdd": [
      {
        "PropertyType": 2,
        "ValueType": 1,
        "BaseValue": 14100,
        "GrowValue": 28050
      },
      {
        "PropertyType": 4,
        "ValueType": 1,
        "BaseValue": 20000,
        "GrowValue": 5750
      }
    ]
  },
  "19": {
    "Position": 1,
    "AttackRange": 30,
    "MoveRange": 20,
    "BaseCritRate": 100,
    "GrowCritRate": 0,
    "BaseDamageBack": 0,
    "GrowDamageBack": 0,
    "PropertyAdd": [
      {
        "PropertyType": 2,
        "ValueType": 2,
        "BaseValue": 16920,
        "GrowValue": 38400
      },
      {
        "PropertyType": 4,
        "ValueType": 2,
        "BaseValue": 24000,
        "GrowValue": 9040
      }
    ]
  },
  "20": {
    "Position": 1,
    "AttackRange": 30,
    "MoveRange": 20,
    "BaseCritRate": 100,
    "GrowCritRate": 0,
    "BaseDamageBack": 0,
    "GrowDamageBack": 0,
    "PropertyAdd": [
      {
        "PropertyType": 2,
        "ValueType": 3,
        "BaseValue": 21150,
        "GrowValue": 48750
      },
      {
        "PropertyType": 4,
        "ValueType": 3,
        "BaseValue": 30000,
        "GrowValue": 12340
      }
    ]
  },
  "21": {
    "Position": 1,
    "AttackRange": 30,
    "MoveRange": 20,
    "BaseCritRate": 100,
    "GrowCritRate": 0,
    "BaseDamageBack": 0,
    "GrowDamageBack": 0,
    "PropertyAdd": [
      {
        "PropertyType": 2,
        "ValueType": 4,
        "BaseValue": 14810,
        "GrowValue": 29450
      },
      {
        "PropertyType": 4,
        "ValueType": 4,
        "BaseValue": 20000,
        "GrowValue": 5750
      }
    ]
  },
  "22": {
    "Position": 1,
    "AttackRange": 30,
    "MoveRange": 20,
    "BaseCritRate": 100,
    "GrowCritRate": 0,
    "BaseDamageBack": 0,
    "GrowDamageBack": 0,
    "PropertyAdd": [
      {
        "PropertyType": 2,
        "ValueType": 5,
        "BaseValue": 17770,
        "GrowValue": 40320
      },
      {
        "PropertyType": 4,
        "ValueType": 5,
        "BaseValue": 24000,
        "GrowValue": 9040
      }
    ]
  },
  "23": {
    "Position": 1,
    "AttackRange": 30,
    "MoveRange": 20,
    "BaseCritRate": 100,
    "GrowCritRate": 0,
    "BaseDamageBack": 0,
    "GrowDamageBack": 0,
    "PropertyAdd": [
      {
        "PropertyType": 2,
        "ValueType": 6,
        "BaseValue": 22210,
        "GrowValue": 51190
      },
      {
        "PropertyType": 4,
        "ValueType": 6,
        "BaseValue": 30000,
        "GrowValue": 12340
      }
    ]
  },
  "24": {
    "Position": 1,
    "AttackRange": 30,
    "MoveRange": 20,
    "BaseCritRate": 100,
    "GrowCritRate": 0,
    "BaseDamageBack": 0,
    "GrowDamageBack": 0,
    "PropertyAdd": [
      {
        "PropertyType": 2,
        "ValueType": 7,
        "BaseValue": 21860,
        "GrowValue": 43480
      },
      {
        "PropertyType": 4,
        "ValueType": 7,
        "BaseValue": 15150,
        "GrowValue": 4350
      }
    ]
  },
  "25": {
    "Position": 1,
    "AttackRange": 30,
    "MoveRange": 20,
    "BaseCritRate": 100,
    "GrowCritRate": 0,
    "BaseDamageBack": 0,
    "GrowDamageBack": 0,
    "PropertyAdd": [
      {
        "PropertyType": 2,
        "ValueType": 8,
        "BaseValue": 26230,
        "GrowValue": 59520
      },
      {
        "PropertyType": 4,
        "ValueType": 8,
        "BaseValue": 18180,
        "GrowValue": 6850
      }
    ]
  },
  "26": {
    "Position": 1,
    "AttackRange": 30,
    "MoveRange": 20,
    "BaseCritRate": 100,
    "GrowCritRate": 0,
    "BaseDamageBack": 0,
    "GrowDamageBack": 0,
    "PropertyAdd": [
      {
        "PropertyType": 2,
        "ValueType": 9,
        "BaseValue": 32780,
        "GrowValue": 75560
      },
      {
        "PropertyType": 4,
        "ValueType": 9,
        "BaseValue": 22730,
        "GrowValue": 9350
      }
    ]
  },
  "27": {
    "Position": 1,
    "AttackRange": 30,
    "MoveRange": 20,
    "BaseCritRate": 100,
    "GrowCritRate": 0,
    "BaseDamageBack": 0,
    "GrowDamageBack": 0,
    "PropertyAdd": [
      {
        "PropertyType": 2,
        "ValueType": 10,
        "BaseValue": 17630,
        "GrowValue": 35060
      },
      {
        "PropertyType": 4,
        "ValueType": 10,
        "BaseValue": 15150,
        "GrowValue": 4350
      }
    ]
  },
  "28": {
    "Position": 1,
    "AttackRange": 30,
    "MoveRange": 20,
    "BaseCritRate": 100,
    "GrowCritRate": 0,
    "BaseDamageBack": 0,
    "GrowDamageBack": 0,
    "PropertyAdd": [
      {
        "PropertyType": 2,
        "ValueType": 11,
        "BaseValue": 21150,
        "GrowValue": 48000
      },
      {
        "PropertyType": 4,
        "ValueType": 11,
        "BaseValue": 18180,
        "GrowValue": 6850
      }
    ]
  },
  "29": {
    "Position": 1,
    "AttackRange": 30,
    "MoveRange": 20,
    "BaseCritRate": 100,
    "GrowCritRate": 0,
    "BaseDamageBack": 0,
    "GrowDamageBack": 0,
    "PropertyAdd": [
      {
        "PropertyType": 2,
        "ValueType": 12,
        "BaseValue": 26440,
        "GrowValue": 60940
      },
      {
        "PropertyType": 4,
        "ValueType": 12,
        "BaseValue": 22730,
        "GrowValue": 9350
      }
    ]
  },
  "30": {
    "Position": 1,
    "AttackRange": 30,
    "MoveRange": 20,
    "BaseCritRate": 100,
    "GrowCritRate": 0,
    "BaseDamageBack": 0,
    "GrowDamageBack": 0,
    "PropertyAdd": [
      {
        "PropertyType": 2,
        "ValueType": 13,
        "BaseValue": 14100,
        "GrowValue": 28050
      },
      {
        "PropertyType": 4,
        "ValueType": 13,
        "BaseValue": 15150,
        "GrowValue": 4350
      }
    ]
  },
  "31": {
    "Position": 1,
    "AttackRange": 30,
    "MoveRange": 20,
    "BaseCritRate": 100,
    "GrowCritRate": 0,
    "BaseDamageBack": 0,
    "GrowDamageBack": 0,
    "PropertyAdd": [
      {
        "PropertyType": 2,
        "ValueType": 14,
        "BaseValue": 16920,
        "GrowValue": 38400
      },
      {
        "PropertyType": 4,
        "ValueType": 14,
        "BaseValue": 18180,
        "GrowValue": 6850
      }
    ]
  },
  "32": {
    "Position": 1,
    "AttackRange": 30,
    "MoveRange": 20,
    "BaseCritRate": 100,
    "GrowCritRate": 0,
    "BaseDamageBack": 0,
    "GrowDamageBack": 0,
    "PropertyAdd": [
      {
        "PropertyType": 2,
        "ValueType": 15,
        "BaseValue": 21150,
        "GrowValue": 48750
      },
      {
        "PropertyType": 4,
        "ValueType": 15,
        "BaseValue": 22730,
        "GrowValue": 9350
      }
    ]
  },
  "33": {
    "Position": 1,
    "AttackRange": 30,
    "MoveRange": 20,
    "BaseCritRate": 100,
    "GrowCritRate": 0,
    "BaseDamageBack": 0,
    "GrowDamageBack": 0,
    "PropertyAdd": [
      {
        "PropertyType": 2,
        "ValueType": 16,
        "BaseValue": 19040,
        "GrowValue": 37870
      },
      {
        "PropertyType": 4,
        "ValueType": 16,
        "BaseValue": 12120,
        "GrowValue": 3480
      }
    ]
  },
  "34": {
    "Position": 1,
    "AttackRange": 30,
    "MoveRange": 20,
    "BaseCritRate": 100,
    "GrowCritRate": 0,
    "BaseDamageBack": 0,
    "GrowDamageBack": 0,
    "PropertyAdd": [
      {
        "PropertyType": 2,
        "ValueType": 17,
        "BaseValue": 22840,
        "GrowValue": 51840
      },
      {
        "PropertyType": 4,
        "ValueType": 17,
        "BaseValue": 14550,
        "GrowValue": 5480
      }
    ]
  },
  "35": {
    "Position": 1,
    "AttackRange": 30,
    "MoveRange": 20,
    "BaseCritRate": 100,
    "GrowCritRate": 0,
    "BaseDamageBack": 0,
    "GrowDamageBack": 0,
    "PropertyAdd": [
      {
        "PropertyType": 2,
        "ValueType": 18,
        "BaseValue": 28550,
        "GrowValue": 65810
      },
      {
        "PropertyType": 4,
        "ValueType": 18,
        "BaseValue": 18180,
        "GrowValue": 7480
      }
    ]
  },
  "36": {
    "Position": 1,
    "AttackRange": 30,
    "MoveRange": 20,
    "BaseCritRate": 100,
    "GrowCritRate": 0,
    "BaseDamageBack": 0,
    "GrowDamageBack": 0,
    "PropertyAdd": [
      {
        "PropertyType": 2,
        "ValueType": 19,
        "BaseValue": 16920,
        "GrowValue": 33660
      },
      {
        "PropertyType": 4,
        "ValueType": 19,
        "BaseValue": 12120,
        "GrowValue": 3480
      }
    ]
  },
  "37": {
    "Position": 1,
    "AttackRange": 30,
    "MoveRange": 20,
    "BaseCritRate": 100,
    "GrowCritRate": 0,
    "BaseDamageBack": 0,
    "GrowDamageBack": 0,
    "PropertyAdd": [
      {
        "PropertyType": 2,
        "ValueType": 20,
        "BaseValue": 20300,
        "GrowValue": 46080
      },
      {
        "PropertyType": 4,
        "ValueType": 20,
        "BaseValue": 14550,
        "GrowValue": 5480
      }
    ]
  },
  "38": {
    "Position": 1,
    "AttackRange": 30,
    "MoveRange": 20,
    "BaseCritRate": 100,
    "GrowCritRate": 0,
    "BaseDamageBack": 0,
    "GrowDamageBack": 0,
    "PropertyAdd": [
      {
        "PropertyType": 2,
        "ValueType": 21,
        "BaseValue": 25380,
        "GrowValue": 58500
      },
      {
        "PropertyType": 4,
        "ValueType": 21,
        "BaseValue": 18180,
        "GrowValue": 7480
      }
    ]
  },
  "39": {
    "Position": 1,
    "AttackRange": 30,
    "MoveRange": 20,
    "BaseCritRate": 100,
    "GrowCritRate": 0,
    "BaseDamageBack": 0,
    "GrowDamageBack": 0,
    "PropertyAdd": [
      {
        "PropertyType": 2,
        "ValueType": 22,
        "BaseValue": 18330,
        "GrowValue": 36470
      },
      {
        "PropertyType": 4,
        "ValueType": 22,
        "BaseValue": 26060,
        "GrowValue": 7490
      }
    ]
  },
  "40": {
    "Position": 1,
    "AttackRange": 30,
    "MoveRange": 20,
    "BaseCritRate": 100,
    "GrowCritRate": 0,
    "BaseDamageBack": 0,
    "GrowDamageBack": 0,
    "PropertyAdd": [
      {
        "PropertyType": 2,
        "ValueType": 23,
        "BaseValue": 22000,
        "GrowValue": 49920
      },
      {
        "PropertyType": 4,
        "ValueType": 23,
        "BaseValue": 31270,
        "GrowValue": 11780
      }
    ]
  },
  "41": {
    "Position": 1,
    "AttackRange": 30,
    "MoveRange": 20,
    "BaseCritRate": 100,
    "GrowCritRate": 0,
    "BaseDamageBack": 0,
    "GrowDamageBack": 0,
    "PropertyAdd": [
      {
        "PropertyType": 2,
        "ValueType": 24,
        "BaseValue": 27500,
        "GrowValue": 63380
      },
      {
        "PropertyType": 4,
        "ValueType": 24,
        "BaseValue": 39090,
        "GrowValue": 16080
      }
    ]
  },
  "42": {
    "Position": 1,
    "AttackRange": 50,
    "MoveRange": 20,
    "BaseCritRate": 100,
    "GrowCritRate": 0,
    "BaseDamageBack": 0,
    "GrowDamageBack": 0,
    "PropertyAdd": [
      {
        "PropertyType": 2,
        "ValueType": 25,
        "BaseValue": 23970,
        "GrowValue": 47690
      },
      {
        "PropertyType": 4,
        "ValueType": 25,
        "BaseValue": 12120,
        "GrowValue": 15000
      }
    ]
  },
  "43": {
    "Position": 1,
    "AttackRange": 50,
    "MoveRange": 20,
    "BaseCritRate": 100,
    "GrowCritRate": 0,
    "BaseDamageBack": 0,
    "GrowDamageBack": 0,
    "PropertyAdd": [
      {
        "PropertyType": 2,
        "ValueType": 26,
        "BaseValue": 28760,
        "GrowValue": 65280
      },
      {
        "PropertyType": 4,
        "ValueType": 26,
        "BaseValue": 14550,
        "GrowValue": 16600
      }
    ]
  },
  "44": {
    "Position": 1,
    "AttackRange": 50,
    "MoveRange": 20,
    "BaseCritRate": 100,
    "GrowCritRate": 0,
    "BaseDamageBack": 0,
    "GrowDamageBack": 0,
    "PropertyAdd": [
      {
        "PropertyType": 2,
        "ValueType": 27,
        "BaseValue": 35960,
        "GrowValue": 82880
      },
      {
        "PropertyType": 4,
        "ValueType": 27,
        "BaseValue": 18180,
        "GrowValue": 18190
      }
    ]
  },
  "45": {
    "Position": 1,
    "AttackRange": 50,
    "MoveRange": 20,
    "BaseCritRate": 100,
    "GrowCritRate": 0,
    "BaseDamageBack": 0,
    "GrowDamageBack": 0,
    "PropertyAdd": [
      {
        "PropertyType": 2,
        "ValueType": 28,
        "BaseValue": 25380,
        "GrowValue": 50490
      },
      {
        "PropertyType": 4,
        "ValueType": 28,
        "BaseValue": 12120,
        "GrowValue": 15000
      }
    ]
  },
  "46": {
    "Position": 1,
    "AttackRange": 50,
    "MoveRange": 20,
    "BaseCritRate": 100,
    "GrowCritRate": 0,
    "BaseDamageBack": 0,
    "GrowDamageBack": 0,
    "PropertyAdd": [
      {
        "PropertyType": 2,
        "ValueType": 29,
        "BaseValue": 30460,
        "GrowValue": 69120
      },
      {
        "PropertyType": 4,
        "ValueType": 29,
        "BaseValue": 14550,
        "GrowValue": 16600
      }
    ]
  },
  "47": {
    "Position": 1,
    "AttackRange": 50,
    "MoveRange": 20,
    "BaseCritRate": 100,
    "GrowCritRate": 0,
    "BaseDamageBack": 0,
    "GrowDamageBack": 0,
    "PropertyAdd": [
      {
        "PropertyType": 2,
        "ValueType": 30,
        "BaseValue": 38070,
        "GrowValue": 87750
      },
      {
        "PropertyType": 4,
        "ValueType": 30,
        "BaseValue": 18180,
        "GrowValue": 18190
      }
    ]
  },
  "48": {
    "Position": 1,
    "AttackRange": 50,
    "MoveRange": 20,
    "BaseCritRate": 100,
    "GrowCritRate": 0,
    "BaseDamageBack": 0,
    "GrowDamageBack": 0,
    "PropertyAdd": [
      {
        "PropertyType": 2,
        "ValueType": 31,
        "BaseValue": 27780,
        "GrowValue": 55260
      },
      {
        "PropertyType": 4,
        "ValueType": 31,
        "BaseValue": 19390,
        "GrowValue": 24000
      }
    ]
  },
  "49": {
    "Position": 1,
    "AttackRange": 50,
    "MoveRange": 20,
    "BaseCritRate": 100,
    "GrowCritRate": 0,
    "BaseDamageBack": 0,
    "GrowDamageBack": 0,
    "PropertyAdd": [
      {
        "PropertyType": 2,
        "ValueType": 32,
        "BaseValue": 33330,
        "GrowValue": 75650
      },
      {
        "PropertyType": 4,
        "ValueType": 32,
        "BaseValue": 23270,
        "GrowValue": 26550
      }
    ]
  },
  "50": {
    "Position": 1,
    "AttackRange": 50,
    "MoveRange": 20,
    "BaseCritRate": 100,
    "GrowCritRate": 0,
    "BaseDamageBack": 0,
    "GrowDamageBack": 0,
    "PropertyAdd": [
      {
        "PropertyType": 2,
        "ValueType": 33,
        "BaseValue": 41670,
        "GrowValue": 96040
      },
      {
        "PropertyType": 4,
        "ValueType": 33,
        "BaseValue": 29090,
        "GrowValue": 29100
      }
    ]
  },
  "51": {
    "Position": 1,
    "AttackRange": 50,
    "MoveRange": 20,
    "BaseCritRate": 100,
    "GrowCritRate": 0,
    "BaseDamageBack": 0,
    "GrowDamageBack": 0,
    "PropertyAdd": [
      {
        "PropertyType": 2,
        "ValueType": 34,
        "BaseValue": 28200,
        "GrowValue": 56100
      },
      {
        "PropertyType": 4,
        "ValueType": 34,
        "BaseValue": 20000,
        "GrowValue": 24750
      }
    ]
  },
  "52": {
    "Position": 1,
    "AttackRange": 50,
    "MoveRange": 20,
    "BaseCritRate": 100,
    "GrowCritRate": 0,
    "BaseDamageBack": 0,
    "GrowDamageBack": 0,
    "PropertyAdd": [
      {
        "PropertyType": 2,
        "ValueType": 35,
        "BaseValue": 33840,
        "GrowValue": 76800
      },
      {
        "PropertyType": 4,
        "ValueType": 35,
        "BaseValue": 24000,
        "GrowValue": 27380
      }
    ]
  },
  "53": {
    "Position": 1,
    "AttackRange": 50,
    "MoveRange": 20,
    "BaseCritRate": 100,
    "GrowCritRate": 0,
    "BaseDamageBack": 0,
    "GrowDamageBack": 0,
    "PropertyAdd": [
      {
        "PropertyType": 2,
        "ValueType": 36,
        "BaseValue": 42300,
        "GrowValue": 97500
      },
      {
        "PropertyType": 4,
        "ValueType": 36,
        "BaseValue": 30000,
        "GrowValue": 30010
      }
    ]
  },
  "54": {
    "Position": 1,
    "AttackRange": 50,
    "MoveRange": 20,
    "BaseCritRate": 100,
    "GrowCritRate": 0,
    "BaseDamageBack": 0,
    "GrowDamageBack": 0,
    "PropertyAdd": [
      {
        "PropertyType": 2,
        "ValueType": 37,
        "BaseValue": 27070,
        "GrowValue": 53860
      },
      {
        "PropertyType": 4,
        "ValueType": 37,
        "BaseValue": 20000,
        "GrowValue": 24750
      }
    ]
  },
  "55": {
    "Position": 1,
    "AttackRange": 50,
    "MoveRange": 20,
    "BaseCritRate": 100,
    "GrowCritRate": 0,
    "BaseDamageBack": 0,
    "GrowDamageBack": 0,
    "PropertyAdd": [
      {
        "PropertyType": 2,
        "ValueType": 38,
        "BaseValue": 32490,
        "GrowValue": 73730
      },
      {
        "PropertyType": 4,
        "ValueType": 38,
        "BaseValue": 24000,
        "GrowValue": 27380
      }
    ]
  },
  "56": {
    "Position": 1,
    "AttackRange": 50,
    "MoveRange": 20,
    "BaseCritRate": 100,
    "GrowCritRate": 0,
    "BaseDamageBack": 0,
    "GrowDamageBack": 0,
    "PropertyAdd": [
      {
        "PropertyType": 2,
        "ValueType": 39,
        "BaseValue": 40610,
        "GrowValue": 93600
      },
      {
        "PropertyType": 4,
        "ValueType": 39,
        "BaseValue": 30000,
        "GrowValue": 30010
      }
    ]
  },
  "57": {
    "Position": 1,
    "AttackRange": 50,
    "MoveRange": 20,
    "BaseCritRate": 100,
    "GrowCritRate": 0,
    "BaseDamageBack": 0,
    "GrowDamageBack": 0,
    "PropertyAdd": [
      {
        "PropertyType": 2,
        "ValueType": 40,
        "BaseValue": 22560,
        "GrowValue": 44880
      },
      {
        "PropertyType": 4,
        "ValueType": 40,
        "BaseValue": 12120,
        "GrowValue": 15000
      }
    ]
  },
  "58": {
    "Position": 1,
    "AttackRange": 50,
    "MoveRange": 20,
    "BaseCritRate": 100,
    "GrowCritRate": 0,
    "BaseDamageBack": 0,
    "GrowDamageBack": 0,
    "PropertyAdd": [
      {
        "PropertyType": 2,
        "ValueType": 41,
        "BaseValue": 27070,
        "GrowValue": 61440
      },
      {
        "PropertyType": 4,
        "ValueType": 41,
        "BaseValue": 14550,
        "GrowValue": 16600
      }
    ]
  },
  "59": {
    "Position": 1,
    "AttackRange": 50,
    "MoveRange": 20,
    "BaseCritRate": 100,
    "GrowCritRate": 0,
    "BaseDamageBack": 0,
    "GrowDamageBack": 0,
    "PropertyAdd": [
      {
        "PropertyType": 2,
        "ValueType": 42,
        "BaseValue": 33840,
        "GrowValue": 78000
      },
      {
        "PropertyType": 4,
        "ValueType": 42,
        "BaseValue": 18180,
        "GrowValue": 18190
      }
    ]
  },
  "60": {
    "Position": 1,
    "AttackRange": 50,
    "MoveRange": 20,
    "BaseCritRate": 100,
    "GrowCritRate": 0,
    "BaseDamageBack": 0,
    "GrowDamageBack": 0,
    "PropertyAdd": [
      {
        "PropertyType": 2,
        "ValueType": 43,
        "BaseValue": 22560,
        "GrowValue": 44880
      },
      {
        "PropertyType": 4,
        "ValueType": 43,
        "BaseValue": 12120,
        "GrowValue": 15000
      }
    ]
  },
  "61": {
    "Position": 1,
    "AttackRange": 50,
    "MoveRange": 20,
    "BaseCritRate": 100,
    "GrowCritRate": 0,
    "BaseDamageBack": 0,
    "GrowDamageBack": 0,
    "PropertyAdd": [
      {
        "PropertyType": 2,
        "ValueType": 44,
        "BaseValue": 27070,
        "GrowValue": 61440
      },
      {
        "PropertyType": 4,
        "ValueType": 44,
        "BaseValue": 14550,
        "GrowValue": 16600
      }
    ]
  },
  "62": {
    "Position": 1,
    "AttackRange": 50,
    "MoveRange": 20,
    "BaseCritRate": 100,
    "GrowCritRate": 0,
    "BaseDamageBack": 0,
    "GrowDamageBack": 0,
    "PropertyAdd": [
      {
        "PropertyType": 2,
        "ValueType": 45,
        "BaseValue": 33840,
        "GrowValue": 78000
      },
      {
        "PropertyType": 4,
        "ValueType": 45,
        "BaseValue": 18180,
        "GrowValue": 18190
      }
    ]
  },
  "63": {
    "Position": 1,
    "AttackRange": 50,
    "MoveRange": 20,
    "BaseCritRate": 100,
    "GrowCritRate": 0,
    "BaseDamageBack": 0,
    "GrowDamageBack": 0,
    "PropertyAdd": [
      {
        "PropertyType": 2,
        "ValueType": 46,
        "BaseValue": 23270,
        "GrowValue": 46280
      },
      {
        "PropertyType": 4,
        "ValueType": 46,
        "BaseValue": 26060,
        "GrowValue": 32260
      }
    ]
  },
  "64": {
    "Position": 1,
    "AttackRange": 50,
    "MoveRange": 20,
    "BaseCritRate": 100,
    "GrowCritRate": 0,
    "BaseDamageBack": 0,
    "GrowDamageBack": 0,
    "PropertyAdd": [
      {
        "PropertyType": 2,
        "ValueType": 47,
        "BaseValue": 27920,
        "GrowValue": 63360
      },
      {
        "PropertyType": 4,
        "ValueType": 47,
        "BaseValue": 31270,
        "GrowValue": 35680
      }
    ]
  },
  "65": {
    "Position": 1,
    "AttackRange": 50,
    "MoveRange": 20,
    "BaseCritRate": 100,
    "GrowCritRate": 0,
    "BaseDamageBack": 0,
    "GrowDamageBack": 0,
    "PropertyAdd": [
      {
        "PropertyType": 2,
        "ValueType": 48,
        "BaseValue": 34900,
        "GrowValue": 80440
      },
      {
        "PropertyType": 4,
        "ValueType": 48,
        "BaseValue": 39090,
        "GrowValue": 39110
      }
    ]
  },
  "66": {
    "Position": 1,
    "AttackRange": 50,
    "MoveRange": 20,
    "BaseCritRate": 100,
    "GrowCritRate": 0,
    "BaseDamageBack": 0,
    "GrowDamageBack": 0,
    "PropertyAdd": [
      {
        "PropertyType": 2,
        "ValueType": 49,
        "BaseValue": 21860,
        "GrowValue": 43480
      },
      {
        "PropertyType": 4,
        "ValueType": 49,
        "BaseValue": 24240,
        "GrowValue": 30010
      }
    ]
  },
  "67": {
    "Position": 1,
    "AttackRange": 50,
    "MoveRange": 20,
    "BaseCritRate": 100,
    "GrowCritRate": 0,
    "BaseDamageBack": 0,
    "GrowDamageBack": 0,
    "PropertyAdd": [
      {
        "PropertyType": 2,
        "ValueType": 50,
        "BaseValue": 26230,
        "GrowValue": 59520
      },
      {
        "PropertyType": 4,
        "ValueType": 50,
        "BaseValue": 29090,
        "GrowValue": 33190
      }
    ]
  },
  "68": {
    "Position": 1,
    "AttackRange": 50,
    "MoveRange": 20,
    "BaseCritRate": 100,
    "GrowCritRate": 0,
    "BaseDamageBack": 0,
    "GrowDamageBack": 0,
    "PropertyAdd": [
      {
        "PropertyType": 2,
        "ValueType": 51,
        "BaseValue": 32780,
        "GrowValue": 75560
      },
      {
        "PropertyType": 4,
        "ValueType": 51,
        "BaseValue": 36370,
        "GrowValue": 36380
      }
    ]
  },
  "69": {
    "Position": 1,
    "AttackRange": 70,
    "MoveRange": 20,
    "BaseCritRate": 100,
    "GrowCritRate": 0,
    "BaseDamageBack": 0,
    "GrowDamageBack": 0,
    "PropertyAdd": [
      {
        "PropertyType": 2,
        "ValueType": 52,
        "BaseValue": 16920,
        "GrowValue": 33660
      },
      {
        "PropertyType": 4,
        "ValueType": 52,
        "BaseValue": 30300,
        "GrowValue": 37510
      }
    ]
  },
  "70": {
    "Position": 1,
    "AttackRange": 70,
    "MoveRange": 20,
    "BaseCritRate": 100,
    "GrowCritRate": 0,
    "BaseDamageBack": 0,
    "GrowDamageBack": 0,
    "PropertyAdd": [
      {
        "PropertyType": 2,
        "ValueType": 53,
        "BaseValue": 20300,
        "GrowValue": 46080
      },
      {
        "PropertyType": 4,
        "ValueType": 53,
        "BaseValue": 36370,
        "GrowValue": 41490
      }
    ]
  },
  "71": {
    "Position": 1,
    "AttackRange": 70,
    "MoveRange": 20,
    "BaseCritRate": 100,
    "GrowCritRate": 0,
    "BaseDamageBack": 0,
    "GrowDamageBack": 0,
    "PropertyAdd": [
      {
        "PropertyType": 2,
        "ValueType": 54,
        "BaseValue": 25380,
        "GrowValue": 58500
      },
      {
        "PropertyType": 4,
        "ValueType": 54,
        "BaseValue": 45460,
        "GrowValue": 45480
      }
    ]
  },
  "72": {
    "Position": 1,
    "AttackRange": 70,
    "MoveRange": 20,
    "BaseCritRate": 100,
    "GrowCritRate": 0,
    "BaseDamageBack": 0,
    "GrowDamageBack": 0,
    "PropertyAdd": [
      {
        "PropertyType": 2,
        "ValueType": 55,
        "BaseValue": 17630,
        "GrowValue": 35060
      },
      {
        "PropertyType": 4,
        "ValueType": 55,
        "BaseValue": 27270,
        "GrowValue": 33760
      }
    ]
  },
  "73": {
    "Position": 1,
    "AttackRange": 70,
    "MoveRange": 20,
    "BaseCritRate": 100,
    "GrowCritRate": 0,
    "BaseDamageBack": 0,
    "GrowDamageBack": 0,
    "PropertyAdd": [
      {
        "PropertyType": 2,
        "ValueType": 56,
        "BaseValue": 21150,
        "GrowValue": 48000
      },
      {
        "PropertyType": 4,
        "ValueType": 56,
        "BaseValue": 32730,
        "GrowValue": 37340
      }
    ]
  },
  "74": {
    "Position": 1,
    "AttackRange": 70,
    "MoveRange": 20,
    "BaseCritRate": 100,
    "GrowCritRate": 0,
    "BaseDamageBack": 0,
    "GrowDamageBack": 0,
    "PropertyAdd": [
      {
        "PropertyType": 2,
        "ValueType": 57,
        "BaseValue": 26440,
        "GrowValue": 60940
      },
      {
        "PropertyType": 4,
        "ValueType": 57,
        "BaseValue": 40910,
        "GrowValue": 40930
      }
    ]
  },
  "75": {
    "Position": 1,
    "AttackRange": 70,
    "MoveRange": 20,
    "BaseCritRate": 100,
    "GrowCritRate": 0,
    "BaseDamageBack": 0,
    "GrowDamageBack": 0,
    "PropertyAdd": [
      {
        "PropertyType": 2,
        "ValueType": 58,
        "BaseValue": 19040,
        "GrowValue": 37870
      },
      {
        "PropertyType": 4,
        "ValueType": 58,
        "BaseValue": 24240,
        "GrowValue": 30010
      }
    ]
  },
  "76": {
    "Position": 1,
    "AttackRange": 70,
    "MoveRange": 20,
    "BaseCritRate": 100,
    "GrowCritRate": 0,
    "BaseDamageBack": 0,
    "GrowDamageBack": 0,
    "PropertyAdd": [
      {
        "PropertyType": 2,
        "ValueType": 59,
        "BaseValue": 22840,
        "GrowValue": 51840
      },
      {
        "PropertyType": 4,
        "ValueType": 59,
        "BaseValue": 29090,
        "GrowValue": 33190
      }
    ]
  },
  "77": {
    "Position": 1,
    "AttackRange": 70,
    "MoveRange": 20,
    "BaseCritRate": 100,
    "GrowCritRate": 0,
    "BaseDamageBack": 0,
    "GrowDamageBack": 0,
    "PropertyAdd": [
      {
        "PropertyType": 2,
        "ValueType": 60,
        "BaseValue": 28550,
        "GrowValue": 65810
      },
      {
        "PropertyType": 4,
        "ValueType": 60,
        "BaseValue": 36370,
        "GrowValue": 36380
      }
    ]
  },
  "78": {
    "Position": 1,
    "AttackRange": 70,
    "MoveRange": 20,
    "BaseCritRate": 100,
    "GrowCritRate": 0,
    "BaseDamageBack": 0,
    "GrowDamageBack": 0,
    "PropertyAdd": [
      {
        "PropertyType": 2,
        "ValueType": 61,
        "BaseValue": 18330,
        "GrowValue": 36470
      },
      {
        "PropertyType": 4,
        "ValueType": 61,
        "BaseValue": 26060,
        "GrowValue": 32260
      }
    ]
  },
  "79": {
    "Position": 1,
    "AttackRange": 70,
    "MoveRange": 20,
    "BaseCritRate": 100,
    "GrowCritRate": 0,
    "BaseDamageBack": 0,
    "GrowDamageBack": 0,
    "PropertyAdd": [
      {
        "PropertyType": 2,
        "ValueType": 62,
        "BaseValue": 22000,
        "GrowValue": 49920
      },
      {
        "PropertyType": 4,
        "ValueType": 62,
        "BaseValue": 31270,
        "GrowValue": 35680
      }
    ]
  },
  "80": {
    "Position": 1,
    "AttackRange": 70,
    "MoveRange": 20,
    "BaseCritRate": 100,
    "GrowCritRate": 0,
    "BaseDamageBack": 0,
    "GrowDamageBack": 0,
    "PropertyAdd": [
      {
        "PropertyType": 2,
        "ValueType": 63,
        "BaseValue": 27500,
        "GrowValue": 63380
      },
      {
        "PropertyType": 4,
        "ValueType": 63,
        "BaseValue": 39090,
        "GrowValue": 39110
      }
    ]
  },
  "81": {
    "Position": 1,
    "AttackRange": 70,
    "MoveRange": 20,
    "BaseCritRate": 100,
    "GrowCritRate": 0,
    "BaseDamageBack": 0,
    "GrowDamageBack": 0,
    "PropertyAdd": [
      {
        "PropertyType": 2,
        "ValueType": 64,
        "BaseValue": 17910,
        "GrowValue": 35620
      },
      {
        "PropertyType": 4,
        "ValueType": 64,
        "BaseValue": 26670,
        "GrowValue": 33010
      }
    ]
  },
  "82": {
    "Position": 1,
    "AttackRange": 70,
    "MoveRange": 20,
    "BaseCritRate": 100,
    "GrowCritRate": 0,
    "BaseDamageBack": 0,
    "GrowDamageBack": 0,
    "PropertyAdd": [
      {
        "PropertyType": 2,
        "ValueType": 65,
        "BaseValue": 21490,
        "GrowValue": 48770
      },
      {
        "PropertyType": 4,
        "ValueType": 65,
        "BaseValue": 32000,
        "GrowValue": 36510
      }
    ]
  },
  "83": {
    "Position": 1,
    "AttackRange": 70,
    "MoveRange": 20,
    "BaseCritRate": 100,
    "GrowCritRate": 0,
    "BaseDamageBack": 0,
    "GrowDamageBack": 0,
    "PropertyAdd": [
      {
        "PropertyType": 2,
        "ValueType": 66,
        "BaseValue": 26860,
        "GrowValue": 61910
      },
      {
        "PropertyType": 4,
        "ValueType": 66,
        "BaseValue": 40000,
        "GrowValue": 40020
      }
    ]
  },
  "84": {
    "Position": 1,
    "AttackRange": 70,
    "MoveRange": 20,
    "BaseCritRate": 100,
    "GrowCritRate": 0,
    "BaseDamageBack": 0,
    "GrowDamageBack": 0,
    "PropertyAdd": [
      {
        "PropertyType": 2,
        "ValueType": 67,
        "BaseValue": 14100,
        "GrowValue": 28050
      },
      {
        "PropertyType": 4,
        "ValueType": 67,
        "BaseValue": 24240,
        "GrowValue": 30010
      }
    ]
  },
  "85": {
    "Position": 1,
    "AttackRange": 70,
    "MoveRange": 20,
    "BaseCritRate": 100,
    "GrowCritRate": 0,
    "BaseDamageBack": 0,
    "GrowDamageBack": 0,
    "PropertyAdd": [
      {
        "PropertyType": 2,
        "ValueType": 68,
        "BaseValue": 16920,
        "GrowValue": 38400
      },
      {
        "PropertyType": 4,
        "ValueType": 68,
        "BaseValue": 29090,
        "GrowValue": 33190
      }
    ]
  },
  "86": {
    "Position": 1,
    "AttackRange": 70,
    "MoveRange": 20,
    "BaseCritRate": 100,
    "GrowCritRate": 0,
    "BaseDamageBack": 0,
    "GrowDamageBack": 0,
    "PropertyAdd": [
      {
        "PropertyType": 2,
        "ValueType": 69,
        "BaseValue": 21150,
        "GrowValue": 48750
      },
      {
        "PropertyType": 4,
        "ValueType": 69,
        "BaseValue": 36370,
        "GrowValue": 36380
      }
    ]
  },
  "87": {
    "Position": 1,
    "AttackRange": 70,
    "MoveRange": 20,
    "BaseCritRate": 100,
    "GrowCritRate": 0,
    "BaseDamageBack": 0,
    "GrowDamageBack": 0,
    "PropertyAdd": [
      {
        "PropertyType": 2,
        "ValueType": 70,
        "BaseValue": 16640,
        "GrowValue": 33100
      },
      {
        "PropertyType": 4,
        "ValueType": 70,
        "BaseValue": 33340,
        "GrowValue": 41260
      }
    ]
  },
  "88": {
    "Position": 1,
    "AttackRange": 70,
    "MoveRange": 20,
    "BaseCritRate": 100,
    "GrowCritRate": 0,
    "BaseDamageBack": 0,
    "GrowDamageBack": 0,
    "PropertyAdd": [
      {
        "PropertyType": 2,
        "ValueType": 71,
        "BaseValue": 19970,
        "GrowValue": 45310
      },
      {
        "PropertyType": 4,
        "ValueType": 71,
        "BaseValue": 40000,
        "GrowValue": 45640
      }
    ]
  },
  "89": {
    "Position": 1,
    "AttackRange": 70,
    "MoveRange": 20,
    "BaseCritRate": 100,
    "GrowCritRate": 0,
    "BaseDamageBack": 0,
    "GrowDamageBack": 0,
    "PropertyAdd": [
      {
        "PropertyType": 2,
        "ValueType": 72,
        "BaseValue": 24960,
        "GrowValue": 57530
      },
      {
        "PropertyType": 4,
        "ValueType": 72,
        "BaseValue": 50000,
        "GrowValue": 50020
      }
    ]
  },
  "90": {
    "Position": 1,
    "AttackRange": 30,
    "MoveRange": 20,
    "BaseCritRate": 100,
    "GrowCritRate": 0,
    "BaseDamageBack": 330,
    "GrowDamageBack": 0,
    "PropertyAdd": [
      {
        "PropertyType": 2,
        "ValueType": 73,
        "BaseValue": 9170,
        "GrowValue": 18230
      },
      {
        "PropertyType": 4,
        "ValueType": 73,
        "BaseValue": 20000,
        "GrowValue": 24750
      }
    ]
  },
  "91": {
    "Position": 1,
    "AttackRange": 30,
    "MoveRange": 20,
    "BaseCritRate": 100,
    "GrowCritRate": 0,
    "BaseDamageBack": 330,
    "GrowDamageBack": 0,
    "PropertyAdd": [
      {
        "PropertyType": 2,
        "ValueType": 74,
        "BaseValue": 11000,
        "GrowValue": 24960
      },
      {
        "PropertyType": 4,
        "ValueType": 74,
        "BaseValue": 24000,
        "GrowValue": 27380
      }
    ]
  },
  "92": {
    "Position": 1,
    "AttackRange": 30,
    "MoveRange": 20,
    "BaseCritRate": 100,
    "GrowCritRate": 0,
    "BaseDamageBack": 330,
    "GrowDamageBack": 0,
    "PropertyAdd": [
      {
        "PropertyType": 2,
        "ValueType": 75,
        "BaseValue": 13750,
        "GrowValue": 31690
      },
      {
        "PropertyType": 4,
        "ValueType": 75,
        "BaseValue": 30000,
        "GrowValue": 30010
      }
    ]
  },
  "93": {
    "Position": 1,
    "AttackRange": 30,
    "MoveRange": 20,
    "BaseCritRate": 100,
    "GrowCritRate": 0,
    "BaseDamageBack": 250,
    "GrowDamageBack": 0,
    "PropertyAdd": [
      {
        "PropertyType": 2,
        "ValueType": 76,
        "BaseValue": 10010,
        "GrowValue": 19920
      },
      {
        "PropertyType": 4,
        "ValueType": 76,
        "BaseValue": 17580,
        "GrowValue": 21750
      }
    ]
  },
  "94": {
    "Position": 1,
    "AttackRange": 30,
    "MoveRange": 20,
    "BaseCritRate": 100,
    "GrowCritRate": 0,
    "BaseDamageBack": 250,
    "GrowDamageBack": 0,
    "PropertyAdd": [
      {
        "PropertyType": 2,
        "ValueType": 77,
        "BaseValue": 12010,
        "GrowValue": 27260
      },
      {
        "PropertyType": 4,
        "ValueType": 77,
        "BaseValue": 21090,
        "GrowValue": 24070
      }
    ]
  },
  "95": {
    "Position": 1,
    "AttackRange": 30,
    "MoveRange": 20,
    "BaseCritRate": 100,
    "GrowCritRate": 0,
    "BaseDamageBack": 250,
    "GrowDamageBack": 0,
    "PropertyAdd": [
      {
        "PropertyType": 2,
        "ValueType": 78,
        "BaseValue": 15020,
        "GrowValue": 34610
      },
      {
        "PropertyType": 4,
        "ValueType": 78,
        "BaseValue": 26360,
        "GrowValue": 26380
      }
    ]
  },
  "96": {
    "Position": 1,
    "AttackRange": 30,
    "MoveRange": 20,
    "BaseCritRate": 100,
    "GrowCritRate": 0,
    "BaseDamageBack": 330,
    "GrowDamageBack": 0,
    "PropertyAdd": [
      {
        "PropertyType": 2,
        "ValueType": 79,
        "BaseValue": 11280,
        "GrowValue": 22440
      },
      {
        "PropertyType": 4,
        "ValueType": 79,
        "BaseValue": 20000,
        "GrowValue": 24750
      }
    ]
  },
  "97": {
    "Position": 1,
    "AttackRange": 30,
    "MoveRange": 20,
    "BaseCritRate": 100,
    "GrowCritRate": 0,
    "BaseDamageBack": 330,
    "GrowDamageBack": 0,
    "PropertyAdd": [
      {
        "PropertyType": 2,
        "ValueType": 80,
        "BaseValue": 13540,
        "GrowValue": 30720
      },
      {
        "PropertyType": 4,
        "ValueType": 80,
        "BaseValue": 24000,
        "GrowValue": 27380
      }
    ]
  },
  "98": {
    "Position": 1,
    "AttackRange": 30,
    "MoveRange": 20,
    "BaseCritRate": 100,
    "GrowCritRate": 0,
    "BaseDamageBack": 330,
    "GrowDamageBack": 0,
    "PropertyAdd": [
      {
        "PropertyType": 2,
        "ValueType": 81,
        "BaseValue": 16920,
        "GrowValue": 39000
      },
      {
        "PropertyType": 4,
        "ValueType": 81,
        "BaseValue": 30000,
        "GrowValue": 30010
      }
    ]
  },
  "99": {
    "Position": 1,
    "AttackRange": 30,
    "MoveRange": 20,
    "BaseCritRate": 100,
    "GrowCritRate": 0,
    "BaseDamageBack": 250,
    "GrowDamageBack": 0,
    "PropertyAdd": [
      {
        "PropertyType": 2,
        "ValueType": 82,
        "BaseValue": 9870,
        "GrowValue": 19640
      },
      {
        "PropertyType": 4,
        "ValueType": 82,
        "BaseValue": 15150,
        "GrowValue": 18750
      }
    ]
  },
  "100": {
    "Position": 1,
    "AttackRange": 30,
    "MoveRange": 20,
    "BaseCritRate": 100,
    "GrowCritRate": 0,
    "BaseDamageBack": 250,
    "GrowDamageBack": 0,
    "PropertyAdd": [
      {
        "PropertyType": 2,
        "ValueType": 83,
        "BaseValue": 11840,
        "GrowValue": 26880
      },
      {
        "PropertyType": 4,
        "ValueType": 83,
        "BaseValue": 18180,
        "GrowValue": 20750
      }
    ]
  },
  "101": {
    "Position": 1,
    "AttackRange": 30,
    "MoveRange": 20,
    "BaseCritRate": 100,
    "GrowCritRate": 0,
    "BaseDamageBack": 250,
    "GrowDamageBack": 0,
    "PropertyAdd": [
      {
        "PropertyType": 2,
        "ValueType": 84,
        "BaseValue": 14810,
        "GrowValue": 34130
      },
      {
        "PropertyType": 4,
        "ValueType": 84,
        "BaseValue": 22730,
        "GrowValue": 22740
      }
    ]
  },
  "102": {
    "Position": 1,
    "AttackRange": 30,
    "MoveRange": 20,
    "BaseCritRate": 100,
    "GrowCritRate": 0,
    "BaseDamageBack": 260,
    "GrowDamageBack": 0,
    "PropertyAdd": [
      {
        "PropertyType": 2,
        "ValueType": 85,
        "BaseValue": 9170,
        "GrowValue": 18230
      },
      {
        "PropertyType": 4,
        "ValueType": 85,
        "BaseValue": 14550,
        "GrowValue": 18000
      }
    ]
  },
  "103": {
    "Position": 1,
    "AttackRange": 30,
    "MoveRange": 20,
    "BaseCritRate": 100,
    "GrowCritRate": 0,
    "BaseDamageBack": 260,
    "GrowDamageBack": 0,
    "PropertyAdd": [
      {
        "PropertyType": 2,
        "ValueType": 86,
        "BaseValue": 11000,
        "GrowValue": 24960
      },
      {
        "PropertyType": 4,
        "ValueType": 86,
        "BaseValue": 17460,
        "GrowValue": 19920
      }
    ]
  },
  "104": {
    "Position": 1,
    "AttackRange": 30,
    "MoveRange": 20,
    "BaseCritRate": 100,
    "GrowCritRate": 0,
    "BaseDamageBack": 260,
    "GrowDamageBack": 0,
    "PropertyAdd": [
      {
        "PropertyType": 2,
        "ValueType": 87,
        "BaseValue": 13750,
        "GrowValue": 31690
      },
      {
        "PropertyType": 4,
        "ValueType": 87,
        "BaseValue": 21820,
        "GrowValue": 21830
      }
    ]
  },
  "105": {
    "Position": 1,
    "AttackRange": 30,
    "MoveRange": 20,
    "BaseCritRate": 100,
    "GrowCritRate": 0,
    "BaseDamageBack": 290,
    "GrowDamageBack": 0,
    "PropertyAdd": [
      {
        "PropertyType": 2,
        "ValueType": 88,
        "BaseValue": 9450,
        "GrowValue": 18790
      },
      {
        "PropertyType": 4,
        "ValueType": 88,
        "BaseValue": 15760,
        "GrowValue": 19500
      }
    ]
  },
  "106": {
    "Position": 1,
    "AttackRange": 30,
    "MoveRange": 20,
    "BaseCritRate": 100,
    "GrowCritRate": 0,
    "BaseDamageBack": 290,
    "GrowDamageBack": 0,
    "PropertyAdd": [
      {
        "PropertyType": 2,
        "ValueType": 89,
        "BaseValue": 11340,
        "GrowValue": 25730
      },
      {
        "PropertyType": 4,
        "ValueType": 89,
        "BaseValue": 18910,
        "GrowValue": 21580
      }
    ]
  },
  "107": {
    "Position": 1,
    "AttackRange": 30,
    "MoveRange": 20,
    "BaseCritRate": 100,
    "GrowCritRate": 0,
    "BaseDamageBack": 290,
    "GrowDamageBack": 0,
    "PropertyAdd": [
      {
        "PropertyType": 2,
        "ValueType": 90,
        "BaseValue": 14170,
        "GrowValue": 32660
      },
      {
        "PropertyType": 4,
        "ValueType": 90,
        "BaseValue": 23640,
        "GrowValue": 23650
      }
    ]
  },
  "108": {
    "Position": 1,
    "AttackRange": 30,
    "MoveRange": 20,
    "BaseCritRate": 100,
    "GrowCritRate": 0,
    "BaseDamageBack": 440,
    "GrowDamageBack": 0,
    "PropertyAdd": [
      {
        "PropertyType": 2,
        "ValueType": 91,
        "BaseValue": 8460,
        "GrowValue": 16830
      },
      {
        "PropertyType": 4,
        "ValueType": 91,
        "BaseValue": 12120,
        "GrowValue": 15000
      }
    ]
  },
  "109": {
    "Position": 1,
    "AttackRange": 30,
    "MoveRange": 20,
    "BaseCritRate": 100,
    "GrowCritRate": 0,
    "BaseDamageBack": 440,
    "GrowDamageBack": 0,
    "PropertyAdd": [
      {
        "PropertyType": 2,
        "ValueType": 92,
        "BaseValue": 10150,
        "GrowValue": 23040
      },
      {
        "PropertyType": 4,
        "ValueType": 92,
        "BaseValue": 14550,
        "GrowValue": 16600
      }
    ]
  },
  "110": {
    "Position": 1,
    "AttackRange": 30,
    "MoveRange": 20,
    "BaseCritRate": 100,
    "GrowCritRate": 0,
    "BaseDamageBack": 440,
    "GrowDamageBack": 0,
    "PropertyAdd": [
      {
        "PropertyType": 2,
        "ValueType": 93,
        "BaseValue": 12690,
        "GrowValue": 29250
      },
      {
        "PropertyType": 4,
        "ValueType": 93,
        "BaseValue": 18180,
        "GrowValue": 18190
      }
    ]
  },
  "111": {
    "Position": 1,
    "AttackRange": 30,
    "MoveRange": 20,
    "BaseCritRate": 100,
    "GrowCritRate": 0,
    "BaseDamageBack": 370,
    "GrowDamageBack": 0,
    "PropertyAdd": [
      {
        "PropertyType": 2,
        "ValueType": 94,
        "BaseValue": 9170,
        "GrowValue": 18230
      },
      {
        "PropertyType": 4,
        "ValueType": 94,
        "BaseValue": 12120,
        "GrowValue": 15000
      }
    ]
  },
  "112": {
    "Position": 1,
    "AttackRange": 30,
    "MoveRange": 20,
    "BaseCritRate": 100,
    "GrowCritRate": 0,
    "BaseDamageBack": 370,
    "GrowDamageBack": 0,
    "PropertyAdd": [
      {
        "PropertyType": 2,
        "ValueType": 95,
        "BaseValue": 11000,
        "GrowValue": 24960
      },
      {
        "PropertyType": 4,
        "ValueType": 95,
        "BaseValue": 14550,
        "GrowValue": 16600
      }
    ]
  },
  "113": {
    "Position": 1,
    "AttackRange": 30,
    "MoveRange": 20,
    "BaseCritRate": 100,
    "GrowCritRate": 0,
    "BaseDamageBack": 370,
    "GrowDamageBack": 0,
    "PropertyAdd": [
      {
        "PropertyType": 2,
        "ValueType": 96,
        "BaseValue": 13750,
        "GrowValue": 31690
      },
      {
        "PropertyType": 4,
        "ValueType": 96,
        "BaseValue": 18180,
        "GrowValue": 18190
      }
    ]
  },
  "114": {
    "Position": 2,
    "AttackRange": 0,
    "MoveRange": 0,
    "BaseCritRate": 0,
    "GrowCritRate": 0,
    "BaseDamageBack": 0,
    "GrowDamageBack": 0,
    "PropertyAdd": [
      {
        "PropertyType": 1,
        "ValueType": 1,
        "BaseValue": 44840,
        "GrowValue": 89200
      },
      {
        "PropertyType": 3,
        "ValueType": 1,
        "BaseValue": 6630,
        "GrowValue": 13180
      }
    ]
  },
  "115": {
    "Position": 2,
    "AttackRange": 0,
    "MoveRange": 0,
    "BaseCritRate": 0,
    "GrowCritRate": 0,
    "BaseDamageBack": 0,
    "GrowDamageBack": 0,
    "PropertyAdd": [
      {
        "PropertyType": 1,
        "ValueType": 2,
        "BaseValue": 53810,
        "GrowValue": 122110
      },
      {
        "PropertyType": 3,
        "ValueType": 2,
        "BaseValue": 7950,
        "GrowValue": 18050
      }
    ]
  },
  "116": {
    "Position": 2,
    "AttackRange": 0,
    "MoveRange": 0,
    "BaseCritRate": 0,
    "GrowCritRate": 0,
    "BaseDamageBack": 0,
    "GrowDamageBack": 0,
    "PropertyAdd": [
      {
        "PropertyType": 1,
        "ValueType": 3,
        "BaseValue": 67260,
        "GrowValue": 155030
      },
      {
        "PropertyType": 3,
        "ValueType": 3,
        "BaseValue": 9940,
        "GrowValue": 22910
      }
    ]
  },
  "117": {
    "Position": 2,
    "AttackRange": 0,
    "MoveRange": 0,
    "BaseCritRate": 0,
    "GrowCritRate": 0,
    "BaseDamageBack": 0,
    "GrowDamageBack": 0,
    "PropertyAdd": [
      {
        "PropertyType": 1,
        "ValueType": 4,
        "BaseValue": 46790,
        "GrowValue": 93080
      },
      {
        "PropertyType": 3,
        "ValueType": 4,
        "BaseValue": 6250,
        "GrowValue": 12440
      }
    ]
  },
  "118": {
    "Position": 2,
    "AttackRange": 0,
    "MoveRange": 0,
    "BaseCritRate": 0,
    "GrowCritRate": 0,
    "BaseDamageBack": 0,
    "GrowDamageBack": 0,
    "PropertyAdd": [
      {
        "PropertyType": 1,
        "ValueType": 5,
        "BaseValue": 56140,
        "GrowValue": 127420
      },
      {
        "PropertyType": 3,
        "ValueType": 5,
        "BaseValue": 7500,
        "GrowValue": 17030
      }
    ]
  },
  "119": {
    "Position": 2,
    "AttackRange": 0,
    "MoveRange": 0,
    "BaseCritRate": 0,
    "GrowCritRate": 0,
    "BaseDamageBack": 0,
    "GrowDamageBack": 0,
    "PropertyAdd": [
      {
        "PropertyType": 1,
        "ValueType": 6,
        "BaseValue": 70180,
        "GrowValue": 161770
      },
      {
        "PropertyType": 3,
        "ValueType": 6,
        "BaseValue": 9380,
        "GrowValue": 21620
      }
    ]
  },
  "120": {
    "Position": 2,
    "AttackRange": 0,
    "MoveRange": 0,
    "BaseCritRate": 0,
    "GrowCritRate": 0,
    "BaseDamageBack": 0,
    "GrowDamageBack": 0,
    "PropertyAdd": [
      {
        "PropertyType": 1,
        "ValueType": 7,
        "BaseValue": 36650,
        "GrowValue": 72910
      },
      {
        "PropertyType": 3,
        "ValueType": 7,
        "BaseValue": 5510,
        "GrowValue": 10950
      }
    ]
  },
  "121": {
    "Position": 2,
    "AttackRange": 0,
    "MoveRange": 0,
    "BaseCritRate": 0,
    "GrowCritRate": 0,
    "BaseDamageBack": 0,
    "GrowDamageBack": 0,
    "PropertyAdd": [
      {
        "PropertyType": 1,
        "ValueType": 8,
        "BaseValue": 43980,
        "GrowValue": 99810
      },
      {
        "PropertyType": 3,
        "ValueType": 8,
        "BaseValue": 6610,
        "GrowValue": 15000
      }
    ]
  },
  "122": {
    "Position": 2,
    "AttackRange": 0,
    "MoveRange": 0,
    "BaseCritRate": 0,
    "GrowCritRate": 0,
    "BaseDamageBack": 0,
    "GrowDamageBack": 0,
    "PropertyAdd": [
      {
        "PropertyType": 1,
        "ValueType": 9,
        "BaseValue": 54980,
        "GrowValue": 126720
      },
      {
        "PropertyType": 3,
        "ValueType": 9,
        "BaseValue": 8260,
        "GrowValue": 19040
      }
    ]
  },
  "123": {
    "Position": 2,
    "AttackRange": 0,
    "MoveRange": 0,
    "BaseCritRate": 0,
    "GrowCritRate": 0,
    "BaseDamageBack": 0,
    "GrowDamageBack": 0,
    "PropertyAdd": [
      {
        "PropertyType": 1,
        "ValueType": 10,
        "BaseValue": 38990,
        "GrowValue": 77560
      },
      {
        "PropertyType": 3,
        "ValueType": 10,
        "BaseValue": 6630,
        "GrowValue": 13180
      }
    ]
  },
  "124": {
    "Position": 2,
    "AttackRange": 0,
    "MoveRange": 0,
    "BaseCritRate": 0,
    "GrowCritRate": 0,
    "BaseDamageBack": 0,
    "GrowDamageBack": 0,
    "PropertyAdd": [
      {
        "PropertyType": 1,
        "ValueType": 11,
        "BaseValue": 46790,
        "GrowValue": 106180
      },
      {
        "PropertyType": 3,
        "ValueType": 11,
        "BaseValue": 7950,
        "GrowValue": 18050
      }
    ]
  },
  "125": {
    "Position": 2,
    "AttackRange": 0,
    "MoveRange": 0,
    "BaseCritRate": 0,
    "GrowCritRate": 0,
    "BaseDamageBack": 0,
    "GrowDamageBack": 0,
    "PropertyAdd": [
      {
        "PropertyType": 1,
        "ValueType": 12,
        "BaseValue": 58480,
        "GrowValue": 134800
      },
      {
        "PropertyType": 3,
        "ValueType": 12,
        "BaseValue": 9940,
        "GrowValue": 22910
      }
    ]
  },
  "126": {
    "Position": 2,
    "AttackRange": 0,
    "MoveRange": 0,
    "BaseCritRate": 0,
    "GrowCritRate": 0,
    "BaseDamageBack": 0,
    "GrowDamageBack": 0,
    "PropertyAdd": [
      {
        "PropertyType": 1,
        "ValueType": 13,
        "BaseValue": 46790,
        "GrowValue": 93080
      },
      {
        "PropertyType": 3,
        "ValueType": 13,
        "BaseValue": 6850,
        "GrowValue": 13630
      }
    ]
  },
  "127": {
    "Position": 2,
    "AttackRange": 0,
    "MoveRange": 0,
    "BaseCritRate": 0,
    "GrowCritRate": 0,
    "BaseDamageBack": 0,
    "GrowDamageBack": 0,
    "PropertyAdd": [
      {
        "PropertyType": 1,
        "ValueType": 14,
        "BaseValue": 56140,
        "GrowValue": 127420
      },
      {
        "PropertyType": 3,
        "ValueType": 14,
        "BaseValue": 8220,
        "GrowValue": 18660
      }
    ]
  },
  "128": {
    "Position": 2,
    "AttackRange": 0,
    "MoveRange": 0,
    "BaseCritRate": 0,
    "GrowCritRate": 0,
    "BaseDamageBack": 0,
    "GrowDamageBack": 0,
    "PropertyAdd": [
      {
        "PropertyType": 1,
        "ValueType": 15,
        "BaseValue": 70180,
        "GrowValue": 161770
      },
      {
        "PropertyType": 3,
        "ValueType": 15,
        "BaseValue": 10280,
        "GrowValue": 23690
      }
    ]
  },
  "129": {
    "Position": 2,
    "AttackRange": 0,
    "MoveRange": 0,
    "BaseCritRate": 0,
    "GrowCritRate": 0,
    "BaseDamageBack": 0,
    "GrowDamageBack": 0,
    "PropertyAdd": [
      {
        "PropertyType": 1,
        "ValueType": 16,
        "BaseValue": 46790,
        "GrowValue": 93080
      },
      {
        "PropertyType": 3,
        "ValueType": 16,
        "BaseValue": 4910,
        "GrowValue": 9760
      }
    ]
  },
  "130": {
    "Position": 2,
    "AttackRange": 0,
    "MoveRange": 0,
    "BaseCritRate": 0,
    "GrowCritRate": 0,
    "BaseDamageBack": 0,
    "GrowDamageBack": 0,
    "PropertyAdd": [
      {
        "PropertyType": 1,
        "ValueType": 17,
        "BaseValue": 56140,
        "GrowValue": 127420
      },
      {
        "PropertyType": 3,
        "ValueType": 17,
        "BaseValue": 5890,
        "GrowValue": 13370
      }
    ]
  },
  "131": {
    "Position": 2,
    "AttackRange": 0,
    "MoveRange": 0,
    "BaseCritRate": 0,
    "GrowCritRate": 0,
    "BaseDamageBack": 0,
    "GrowDamageBack": 0,
    "PropertyAdd": [
      {
        "PropertyType": 1,
        "ValueType": 18,
        "BaseValue": 70180,
        "GrowValue": 161770
      },
      {
        "PropertyType": 3,
        "ValueType": 18,
        "BaseValue": 7360,
        "GrowValue": 16970
      }
    ]
  },
  "132": {
    "Position": 2,
    "AttackRange": 0,
    "MoveRange": 0,
    "BaseCritRate": 0,
    "GrowCritRate": 0,
    "BaseDamageBack": 0,
    "GrowDamageBack": 0,
    "PropertyAdd": [
      {
        "PropertyType": 1,
        "ValueType": 19,
        "BaseValue": 52640,
        "GrowValue": 104710
      },
      {
        "PropertyType": 3,
        "ValueType": 19,
        "BaseValue": 4910,
        "GrowValue": 9760
      }
    ]
  },
  "133": {
    "Position": 2,
    "AttackRange": 0,
    "MoveRange": 0,
    "BaseCritRate": 0,
    "GrowCritRate": 0,
    "BaseDamageBack": 0,
    "GrowDamageBack": 0,
    "PropertyAdd": [
      {
        "PropertyType": 1,
        "ValueType": 20,
        "BaseValue": 63160,
        "GrowValue": 143350
      },
      {
        "PropertyType": 3,
        "ValueType": 20,
        "BaseValue": 5890,
        "GrowValue": 13370
      }
    ]
  },
  "134": {
    "Position": 2,
    "AttackRange": 0,
    "MoveRange": 0,
    "BaseCritRate": 0,
    "GrowCritRate": 0,
    "BaseDamageBack": 0,
    "GrowDamageBack": 0,
    "PropertyAdd": [
      {
        "PropertyType": 1,
        "ValueType": 21,
        "BaseValue": 78950,
        "GrowValue": 181990
      },
      {
        "PropertyType": 3,
        "ValueType": 21,
        "BaseValue": 7360,
        "GrowValue": 16970
      }
    ]
  },
  "135": {
    "Position": 2,
    "AttackRange": 0,
    "MoveRange": 0,
    "BaseCritRate": 0,
    "GrowCritRate": 0,
    "BaseDamageBack": 0,
    "GrowDamageBack": 0,
    "PropertyAdd": [
      {
        "PropertyType": 1,
        "ValueType": 22,
        "BaseValue": 40940,
        "GrowValue": 81440
      },
      {
        "PropertyType": 3,
        "ValueType": 22,
        "BaseValue": 5060,
        "GrowValue": 10060
      }
    ]
  },
  "136": {
    "Position": 2,
    "AttackRange": 0,
    "MoveRange": 0,
    "BaseCritRate": 0,
    "GrowCritRate": 0,
    "BaseDamageBack": 0,
    "GrowDamageBack": 0,
    "PropertyAdd": [
      {
        "PropertyType": 1,
        "ValueType": 23,
        "BaseValue": 49130,
        "GrowValue": 111490
      },
      {
        "PropertyType": 3,
        "ValueType": 23,
        "BaseValue": 6070,
        "GrowValue": 13770
      }
    ]
  },
  "137": {
    "Position": 2,
    "AttackRange": 0,
    "MoveRange": 0,
    "BaseCritRate": 0,
    "GrowCritRate": 0,
    "BaseDamageBack": 0,
    "GrowDamageBack": 0,
    "PropertyAdd": [
      {
        "PropertyType": 1,
        "ValueType": 24,
        "BaseValue": 61410,
        "GrowValue": 141540
      },
      {
        "PropertyType": 3,
        "ValueType": 24,
        "BaseValue": 7590,
        "GrowValue": 17490
      }
    ]
  },
  "138": {
    "Position": 2,
    "AttackRange": 0,
    "MoveRange": 0,
    "BaseCritRate": 0,
    "GrowCritRate": 0,
    "BaseDamageBack": 0,
    "GrowDamageBack": 0,
    "PropertyAdd": [
      {
        "PropertyType": 1,
        "ValueType": 25,
        "BaseValue": 33530,
        "GrowValue": 66710
      },
      {
        "PropertyType": 3,
        "ValueType": 25,
        "BaseValue": 5580,
        "GrowValue": 11100
      }
    ]
  },
  "139": {
    "Position": 2,
    "AttackRange": 0,
    "MoveRange": 0,
    "BaseCritRate": 0,
    "GrowCritRate": 0,
    "BaseDamageBack": 0,
    "GrowDamageBack": 0,
    "PropertyAdd": [
      {
        "PropertyType": 1,
        "ValueType": 26,
        "BaseValue": 40240,
        "GrowValue": 91320
      },
      {
        "PropertyType": 3,
        "ValueType": 26,
        "BaseValue": 6700,
        "GrowValue": 15200
      }
    ]
  },
  "140": {
    "Position": 2,
    "AttackRange": 0,
    "MoveRange": 0,
    "BaseCritRate": 0,
    "GrowCritRate": 0,
    "BaseDamageBack": 0,
    "GrowDamageBack": 0,
    "PropertyAdd": [
      {
        "PropertyType": 1,
        "ValueType": 27,
        "BaseValue": 50300,
        "GrowValue": 115930
      },
      {
        "PropertyType": 3,
        "ValueType": 27,
        "BaseValue": 8370,
        "GrowValue": 19300
      }
    ]
  },
  "141": {
    "Position": 2,
    "AttackRange": 0,
    "MoveRange": 0,
    "BaseCritRate": 0,
    "GrowCritRate": 0,
    "BaseDamageBack": 0,
    "GrowDamageBack": 0,
    "PropertyAdd": [
      {
        "PropertyType": 1,
        "ValueType": 28,
        "BaseValue": 32360,
        "GrowValue": 64380
      },
      {
        "PropertyType": 3,
        "ValueType": 28,
        "BaseValue": 5360,
        "GrowValue": 10660
      }
    ]
  },
  "142": {
    "Position": 2,
    "AttackRange": 0,
    "MoveRange": 0,
    "BaseCritRate": 0,
    "GrowCritRate": 0,
    "BaseDamageBack": 0,
    "GrowDamageBack": 0,
    "PropertyAdd": [
      {
        "PropertyType": 1,
        "ValueType": 29,
        "BaseValue": 38830,
        "GrowValue": 88130
      },
      {
        "PropertyType": 3,
        "ValueType": 29,
        "BaseValue": 6430,
        "GrowValue": 14590
      }
    ]
  },
  "143": {
    "Position": 2,
    "AttackRange": 0,
    "MoveRange": 0,
    "BaseCritRate": 0,
    "GrowCritRate": 0,
    "BaseDamageBack": 0,
    "GrowDamageBack": 0,
    "PropertyAdd": [
      {
        "PropertyType": 1,
        "ValueType": 30,
        "BaseValue": 48540,
        "GrowValue": 111890
      },
      {
        "PropertyType": 3,
        "ValueType": 30,
        "BaseValue": 8030,
        "GrowValue": 18520
      }
    ]
  },
  "144": {
    "Position": 2,
    "AttackRange": 0,
    "MoveRange": 0,
    "BaseCritRate": 0,
    "GrowCritRate": 0,
    "BaseDamageBack": 0,
    "GrowDamageBack": 0,
    "PropertyAdd": [
      {
        "PropertyType": 1,
        "ValueType": 31,
        "BaseValue": 29630,
        "GrowValue": 58950
      },
      {
        "PropertyType": 3,
        "ValueType": 31,
        "BaseValue": 4830,
        "GrowValue": 9620
      }
    ]
  },
  "145": {
    "Position": 2,
    "AttackRange": 0,
    "MoveRange": 0,
    "BaseCritRate": 0,
    "GrowCritRate": 0,
    "BaseDamageBack": 0,
    "GrowDamageBack": 0,
    "PropertyAdd": [
      {
        "PropertyType": 1,
        "ValueType": 32,
        "BaseValue": 35560,
        "GrowValue": 80700
      },
      {
        "PropertyType": 3,
        "ValueType": 32,
        "BaseValue": 5800,
        "GrowValue": 13160
      }
    ]
  },
  "146": {
    "Position": 2,
    "AttackRange": 0,
    "MoveRange": 0,
    "BaseCritRate": 0,
    "GrowCritRate": 0,
    "BaseDamageBack": 0,
    "GrowDamageBack": 0,
    "PropertyAdd": [
      {
        "PropertyType": 1,
        "ValueType": 33,
        "BaseValue": 44450,
        "GrowValue": 102450
      },
      {
        "PropertyType": 3,
        "ValueType": 33,
        "BaseValue": 7250,
        "GrowValue": 16710
      }
    ]
  },
  "147": {
    "Position": 2,
    "AttackRange": 0,
    "MoveRange": 0,
    "BaseCritRate": 0,
    "GrowCritRate": 0,
    "BaseDamageBack": 0,
    "GrowDamageBack": 0,
    "PropertyAdd": [
      {
        "PropertyType": 1,
        "ValueType": 34,
        "BaseValue": 29240,
        "GrowValue": 58170
      },
      {
        "PropertyType": 3,
        "ValueType": 34,
        "BaseValue": 4760,
        "GrowValue": 9470
      }
    ]
  },
  "148": {
    "Position": 2,
    "AttackRange": 0,
    "MoveRange": 0,
    "BaseCritRate": 0,
    "GrowCritRate": 0,
    "BaseDamageBack": 0,
    "GrowDamageBack": 0,
    "PropertyAdd": [
      {
        "PropertyType": 1,
        "ValueType": 35,
        "BaseValue": 35090,
        "GrowValue": 79640
      },
      {
        "PropertyType": 3,
        "ValueType": 35,
        "BaseValue": 5710,
        "GrowValue": 12960
      }
    ]
  },
  "149": {
    "Position": 2,
    "AttackRange": 0,
    "MoveRange": 0,
    "BaseCritRate": 0,
    "GrowCritRate": 0,
    "BaseDamageBack": 0,
    "GrowDamageBack": 0,
    "PropertyAdd": [
      {
        "PropertyType": 1,
        "ValueType": 36,
        "BaseValue": 43860,
        "GrowValue": 101100
      },
      {
        "PropertyType": 3,
        "ValueType": 36,
        "BaseValue": 7140,
        "GrowValue": 16450
      }
    ]
  },
  "150": {
    "Position": 2,
    "AttackRange": 0,
    "MoveRange": 0,
    "BaseCritRate": 0,
    "GrowCritRate": 0,
    "BaseDamageBack": 0,
    "GrowDamageBack": 0,
    "PropertyAdd": [
      {
        "PropertyType": 1,
        "ValueType": 37,
        "BaseValue": 30020,
        "GrowValue": 59720
      },
      {
        "PropertyType": 3,
        "ValueType": 37,
        "BaseValue": 4910,
        "GrowValue": 9760
      }
    ]
  },
  "151": {
    "Position": 2,
    "AttackRange": 0,
    "MoveRange": 0,
    "BaseCritRate": 0,
    "GrowCritRate": 0,
    "BaseDamageBack": 0,
    "GrowDamageBack": 0,
    "PropertyAdd": [
      {
        "PropertyType": 1,
        "ValueType": 38,
        "BaseValue": 36030,
        "GrowValue": 81760
      },
      {
        "PropertyType": 3,
        "ValueType": 38,
        "BaseValue": 5890,
        "GrowValue": 13370
      }
    ]
  },
  "152": {
    "Position": 2,
    "AttackRange": 0,
    "MoveRange": 0,
    "BaseCritRate": 0,
    "GrowCritRate": 0,
    "BaseDamageBack": 0,
    "GrowDamageBack": 0,
    "PropertyAdd": [
      {
        "PropertyType": 1,
        "ValueType": 39,
        "BaseValue": 45030,
        "GrowValue": 103800
      },
      {
        "PropertyType": 3,
        "ValueType": 39,
        "BaseValue": 7360,
        "GrowValue": 16970
      }
    ]
  },
  "153": {
    "Position": 2,
    "AttackRange": 0,
    "MoveRange": 0,
    "BaseCritRate": 0,
    "GrowCritRate": 0,
    "BaseDamageBack": 0,
    "GrowDamageBack": 0,
    "PropertyAdd": [
      {
        "PropertyType": 1,
        "ValueType": 40,
        "BaseValue": 38990,
        "GrowValue": 77560
      },
      {
        "PropertyType": 3,
        "ValueType": 40,
        "BaseValue": 4910,
        "GrowValue": 9760
      }
    ]
  },
  "154": {
    "Position": 2,
    "AttackRange": 0,
    "MoveRange": 0,
    "BaseCritRate": 0,
    "GrowCritRate": 0,
    "BaseDamageBack": 0,
    "GrowDamageBack": 0,
    "PropertyAdd": [
      {
        "PropertyType": 1,
        "ValueType": 41,
        "BaseValue": 46790,
        "GrowValue": 106180
      },
      {
        "PropertyType": 3,
        "ValueType": 41,
        "BaseValue": 5890,
        "GrowValue": 13370
      }
    ]
  },
  "155": {
    "Position": 2,
    "AttackRange": 0,
    "MoveRange": 0,
    "BaseCritRate": 0,
    "GrowCritRate": 0,
    "BaseDamageBack": 0,
    "GrowDamageBack": 0,
    "PropertyAdd": [
      {
        "PropertyType": 1,
        "ValueType": 42,
        "BaseValue": 58480,
        "GrowValue": 134800
      },
      {
        "PropertyType": 3,
        "ValueType": 42,
        "BaseValue": 7360,
        "GrowValue": 16970
      }
    ]
  },
  "156": {
    "Position": 2,
    "AttackRange": 0,
    "MoveRange": 0,
    "BaseCritRate": 0,
    "GrowCritRate": 0,
    "BaseDamageBack": 0,
    "GrowDamageBack": 0,
    "PropertyAdd": [
      {
        "PropertyType": 1,
        "ValueType": 43,
        "BaseValue": 34700,
        "GrowValue": 69030
      },
      {
        "PropertyType": 3,
        "ValueType": 43,
        "BaseValue": 5950,
        "GrowValue": 11850
      }
    ]
  },
  "157": {
    "Position": 2,
    "AttackRange": 0,
    "MoveRange": 0,
    "BaseCritRate": 0,
    "GrowCritRate": 0,
    "BaseDamageBack": 0,
    "GrowDamageBack": 0,
    "PropertyAdd": [
      {
        "PropertyType": 1,
        "ValueType": 44,
        "BaseValue": 41640,
        "GrowValue": 94500
      },
      {
        "PropertyType": 3,
        "ValueType": 44,
        "BaseValue": 7150,
        "GrowValue": 16220
      }
    ]
  },
  "158": {
    "Position": 2,
    "AttackRange": 0,
    "MoveRange": 0,
    "BaseCritRate": 0,
    "GrowCritRate": 0,
    "BaseDamageBack": 0,
    "GrowDamageBack": 0,
    "PropertyAdd": [
      {
        "PropertyType": 1,
        "ValueType": 45,
        "BaseValue": 52050,
        "GrowValue": 119980
      },
      {
        "PropertyType": 3,
        "ValueType": 45,
        "BaseValue": 8930,
        "GrowValue": 20590
      }
    ]
  },
  "159": {
    "Position": 2,
    "AttackRange": 0,
    "MoveRange": 0,
    "BaseCritRate": 0,
    "GrowCritRate": 0,
    "BaseDamageBack": 0,
    "GrowDamageBack": 0,
    "PropertyAdd": [
      {
        "PropertyType": 1,
        "ValueType": 46,
        "BaseValue": 29240,
        "GrowValue": 58170
      },
      {
        "PropertyType": 3,
        "ValueType": 46,
        "BaseValue": 5660,
        "GrowValue": 11250
      }
    ]
  },
  "160": {
    "Position": 2,
    "AttackRange": 0,
    "MoveRange": 0,
    "BaseCritRate": 0,
    "GrowCritRate": 0,
    "BaseDamageBack": 0,
    "GrowDamageBack": 0,
    "PropertyAdd": [
      {
        "PropertyType": 1,
        "ValueType": 47,
        "BaseValue": 35090,
        "GrowValue": 79640
      },
      {
        "PropertyType": 3,
        "ValueType": 47,
        "BaseValue": 6790,
        "GrowValue": 15400
      }
    ]
  },
  "161": {
    "Position": 2,
    "AttackRange": 0,
    "MoveRange": 0,
    "BaseCritRate": 0,
    "GrowCritRate": 0,
    "BaseDamageBack": 0,
    "GrowDamageBack": 0,
    "PropertyAdd": [
      {
        "PropertyType": 1,
        "ValueType": 48,
        "BaseValue": 43860,
        "GrowValue": 101100
      },
      {
        "PropertyType": 3,
        "ValueType": 48,
        "BaseValue": 8480,
        "GrowValue": 19550
      }
    ]
  },
  "162": {
    "Position": 2,
    "AttackRange": 0,
    "MoveRange": 0,
    "BaseCritRate": 0,
    "GrowCritRate": 0,
    "BaseDamageBack": 0,
    "GrowDamageBack": 0,
    "PropertyAdd": [
      {
        "PropertyType": 1,
        "ValueType": 49,
        "BaseValue": 33140,
        "GrowValue": 65930
      },
      {
        "PropertyType": 3,
        "ValueType": 49,
        "BaseValue": 5280,
        "GrowValue": 10510
      }
    ]
  },
  "163": {
    "Position": 2,
    "AttackRange": 0,
    "MoveRange": 0,
    "BaseCritRate": 0,
    "GrowCritRate": 0,
    "BaseDamageBack": 0,
    "GrowDamageBack": 0,
    "PropertyAdd": [
      {
        "PropertyType": 1,
        "ValueType": 50,
        "BaseValue": 39770,
        "GrowValue": 90260
      },
      {
        "PropertyType": 3,
        "ValueType": 50,
        "BaseValue": 6340,
        "GrowValue": 14380
      }
    ]
  },
  "164": {
    "Position": 2,
    "AttackRange": 0,
    "MoveRange": 0,
    "BaseCritRate": 0,
    "GrowCritRate": 0,
    "BaseDamageBack": 0,
    "GrowDamageBack": 0,
    "PropertyAdd": [
      {
        "PropertyType": 1,
        "ValueType": 51,
        "BaseValue": 49710,
        "GrowValue": 114580
      },
      {
        "PropertyType": 3,
        "ValueType": 51,
        "BaseValue": 7920,
        "GrowValue": 18260
      }
    ]
  },
  "165": {
    "Position": 2,
    "AttackRange": 0,
    "MoveRange": 0,
    "BaseCritRate": 0,
    "GrowCritRate": 0,
    "BaseDamageBack": 0,
    "GrowDamageBack": 0,
    "PropertyAdd": [
      {
        "PropertyType": 1,
        "ValueType": 52,
        "BaseValue": 42890,
        "GrowValue": 85320
      },
      {
        "PropertyType": 3,
        "ValueType": 52,
        "BaseValue": 4760,
        "GrowValue": 9470
      }
    ]
  },
  "166": {
    "Position": 2,
    "AttackRange": 0,
    "MoveRange": 0,
    "BaseCritRate": 0,
    "GrowCritRate": 0,
    "BaseDamageBack": 0,
    "GrowDamageBack": 0,
    "PropertyAdd": [
      {
        "PropertyType": 1,
        "ValueType": 53,
        "BaseValue": 51470,
        "GrowValue": 116800
      },
      {
        "PropertyType": 3,
        "ValueType": 53,
        "BaseValue": 5710,
        "GrowValue": 12960
      }
    ]
  },
  "167": {
    "Position": 2,
    "AttackRange": 0,
    "MoveRange": 0,
    "BaseCritRate": 0,
    "GrowCritRate": 0,
    "BaseDamageBack": 0,
    "GrowDamageBack": 0,
    "PropertyAdd": [
      {
        "PropertyType": 1,
        "ValueType": 54,
        "BaseValue": 64330,
        "GrowValue": 148280
      },
      {
        "PropertyType": 3,
        "ValueType": 54,
        "BaseValue": 7140,
        "GrowValue": 16450
      }
    ]
  },
  "168": {
    "Position": 2,
    "AttackRange": 0,
    "MoveRange": 0,
    "BaseCritRate": 0,
    "GrowCritRate": 0,
    "BaseDamageBack": 0,
    "GrowDamageBack": 0,
    "PropertyAdd": [
      {
        "PropertyType": 1,
        "ValueType": 55,
        "BaseValue": 40940,
        "GrowValue": 81440
      },
      {
        "PropertyType": 3,
        "ValueType": 55,
        "BaseValue": 5130,
        "GrowValue": 10210
      }
    ]
  },
  "169": {
    "Position": 2,
    "AttackRange": 0,
    "MoveRange": 0,
    "BaseCritRate": 0,
    "GrowCritRate": 0,
    "BaseDamageBack": 0,
    "GrowDamageBack": 0,
    "PropertyAdd": [
      {
        "PropertyType": 1,
        "ValueType": 56,
        "BaseValue": 49130,
        "GrowValue": 111490
      },
      {
        "PropertyType": 3,
        "ValueType": 56,
        "BaseValue": 6160,
        "GrowValue": 13980
      }
    ]
  },
  "170": {
    "Position": 2,
    "AttackRange": 0,
    "MoveRange": 0,
    "BaseCritRate": 0,
    "GrowCritRate": 0,
    "BaseDamageBack": 0,
    "GrowDamageBack": 0,
    "PropertyAdd": [
      {
        "PropertyType": 1,
        "ValueType": 57,
        "BaseValue": 61410,
        "GrowValue": 141540
      },
      {
        "PropertyType": 3,
        "ValueType": 57,
        "BaseValue": 7700,
        "GrowValue": 17750
      }
    ]
  },
  "171": {
    "Position": 2,
    "AttackRange": 0,
    "MoveRange": 0,
    "BaseCritRate": 0,
    "GrowCritRate": 0,
    "BaseDamageBack": 0,
    "GrowDamageBack": 0,
    "PropertyAdd": [
      {
        "PropertyType": 1,
        "ValueType": 58,
        "BaseValue": 37040,
        "GrowValue": 73690
      },
      {
        "PropertyType": 3,
        "ValueType": 58,
        "BaseValue": 5510,
        "GrowValue": 10950
      }
    ]
  },
  "172": {
    "Position": 2,
    "AttackRange": 0,
    "MoveRange": 0,
    "BaseCritRate": 0,
    "GrowCritRate": 0,
    "BaseDamageBack": 0,
    "GrowDamageBack": 0,
    "PropertyAdd": [
      {
        "PropertyType": 1,
        "ValueType": 59,
        "BaseValue": 44450,
        "GrowValue": 100880
      },
      {
        "PropertyType": 3,
        "ValueType": 59,
        "BaseValue": 6610,
        "GrowValue": 15000
      }
    ]
  },
  "173": {
    "Position": 2,
    "AttackRange": 0,
    "MoveRange": 0,
    "BaseCritRate": 0,
    "GrowCritRate": 0,
    "BaseDamageBack": 0,
    "GrowDamageBack": 0,
    "PropertyAdd": [
      {
        "PropertyType": 1,
        "ValueType": 60,
        "BaseValue": 55560,
        "GrowValue": 128060
      },
      {
        "PropertyType": 3,
        "ValueType": 60,
        "BaseValue": 8260,
        "GrowValue": 19040
      }
    ]
  },
  "174": {
    "Position": 2,
    "AttackRange": 0,
    "MoveRange": 0,
    "BaseCritRate": 0,
    "GrowCritRate": 0,
    "BaseDamageBack": 0,
    "GrowDamageBack": 0,
    "PropertyAdd": [
      {
        "PropertyType": 1,
        "ValueType": 61,
        "BaseValue": 37430,
        "GrowValue": 74460
      },
      {
        "PropertyType": 3,
        "ValueType": 61,
        "BaseValue": 5430,
        "GrowValue": 10800
      }
    ]
  },
  "175": {
    "Position": 2,
    "AttackRange": 0,
    "MoveRange": 0,
    "BaseCritRate": 0,
    "GrowCritRate": 0,
    "BaseDamageBack": 0,
    "GrowDamageBack": 0,
    "PropertyAdd": [
      {
        "PropertyType": 1,
        "ValueType": 62,
        "BaseValue": 44920,
        "GrowValue": 101940
      },
      {
        "PropertyType": 3,
        "ValueType": 62,
        "BaseValue": 6520,
        "GrowValue": 14790
      }
    ]
  },
  "176": {
    "Position": 2,
    "AttackRange": 0,
    "MoveRange": 0,
    "BaseCritRate": 0,
    "GrowCritRate": 0,
    "BaseDamageBack": 0,
    "GrowDamageBack": 0,
    "PropertyAdd": [
      {
        "PropertyType": 1,
        "ValueType": 63,
        "BaseValue": 56140,
        "GrowValue": 129410
      },
      {
        "PropertyType": 3,
        "ValueType": 63,
        "BaseValue": 8150,
        "GrowValue": 18780
      }
    ]
  },
  "177": {
    "Position": 2,
    "AttackRange": 0,
    "MoveRange": 0,
    "BaseCritRate": 0,
    "GrowCritRate": 0,
    "BaseDamageBack": 0,
    "GrowDamageBack": 0,
    "PropertyAdd": [
      {
        "PropertyType": 1,
        "ValueType": 64,
        "BaseValue": 42500,
        "GrowValue": 84550
      },
      {
        "PropertyType": 3,
        "ValueType": 64,
        "BaseValue": 4830,
        "GrowValue": 9620
      }
    ]
  },
  "178": {
    "Position": 2,
    "AttackRange": 0,
    "MoveRange": 0,
    "BaseCritRate": 0,
    "GrowCritRate": 0,
    "BaseDamageBack": 0,
    "GrowDamageBack": 0,
    "PropertyAdd": [
      {
        "PropertyType": 1,
        "ValueType": 65,
        "BaseValue": 51000,
        "GrowValue": 115740
      },
      {
        "PropertyType": 3,
        "ValueType": 65,
        "BaseValue": 5800,
        "GrowValue": 13160
      }
    ]
  },
  "179": {
    "Position": 2,
    "AttackRange": 0,
    "MoveRange": 0,
    "BaseCritRate": 0,
    "GrowCritRate": 0,
    "BaseDamageBack": 0,
    "GrowDamageBack": 0,
    "PropertyAdd": [
      {
        "PropertyType": 1,
        "ValueType": 66,
        "BaseValue": 63750,
        "GrowValue": 146940
      },
      {
        "PropertyType": 3,
        "ValueType": 66,
        "BaseValue": 7250,
        "GrowValue": 16710
      }
    ]
  },
  "180": {
    "Position": 2,
    "AttackRange": 0,
    "MoveRange": 0,
    "BaseCritRate": 0,
    "GrowCritRate": 0,
    "BaseDamageBack": 0,
    "GrowDamageBack": 0,
    "PropertyAdd": [
      {
        "PropertyType": 1,
        "ValueType": 67,
        "BaseValue": 48740,
        "GrowValue": 96960
      },
      {
        "PropertyType": 3,
        "ValueType": 67,
        "BaseValue": 5880,
        "GrowValue": 11700
      }
    ]
  },
  "181": {
    "Position": 2,
    "AttackRange": 0,
    "MoveRange": 0,
    "BaseCritRate": 0,
    "GrowCritRate": 0,
    "BaseDamageBack": 0,
    "GrowDamageBack": 0,
    "PropertyAdd": [
      {
        "PropertyType": 1,
        "ValueType": 68,
        "BaseValue": 58480,
        "GrowValue": 132730
      },
      {
        "PropertyType": 3,
        "ValueType": 68,
        "BaseValue": 7060,
        "GrowValue": 16010
      }
    ]
  },
  "182": {
    "Position": 2,
    "AttackRange": 0,
    "MoveRange": 0,
    "BaseCritRate": 0,
    "GrowCritRate": 0,
    "BaseDamageBack": 0,
    "GrowDamageBack": 0,
    "PropertyAdd": [
      {
        "PropertyType": 1,
        "ValueType": 69,
        "BaseValue": 73110,
        "GrowValue": 168510
      },
      {
        "PropertyType": 3,
        "ValueType": 69,
        "BaseValue": 8820,
        "GrowValue": 20330
      }
    ]
  },
  "183": {
    "Position": 2,
    "AttackRange": 0,
    "MoveRange": 0,
    "BaseCritRate": 0,
    "GrowCritRate": 0,
    "BaseDamageBack": 0,
    "GrowDamageBack": 0,
    "PropertyAdd": [
      {
        "PropertyType": 1,
        "ValueType": 70,
        "BaseValue": 41330,
        "GrowValue": 82220
      },
      {
        "PropertyType": 3,
        "ValueType": 70,
        "BaseValue": 5060,
        "GrowValue": 10060
      }
    ]
  },
  "184": {
    "Position": 2,
    "AttackRange": 0,
    "MoveRange": 0,
    "BaseCritRate": 0,
    "GrowCritRate": 0,
    "BaseDamageBack": 0,
    "GrowDamageBack": 0,
    "PropertyAdd": [
      {
        "PropertyType": 1,
        "ValueType": 71,
        "BaseValue": 49590,
        "GrowValue": 112560
      },
      {
        "PropertyType": 3,
        "ValueType": 71,
        "BaseValue": 6070,
        "GrowValue": 13770
      }
    ]
  },
  "185": {
    "Position": 2,
    "AttackRange": 0,
    "MoveRange": 0,
    "BaseCritRate": 0,
    "GrowCritRate": 0,
    "BaseDamageBack": 0,
    "GrowDamageBack": 0,
    "PropertyAdd": [
      {
        "PropertyType": 1,
        "ValueType": 72,
        "BaseValue": 61990,
        "GrowValue": 142890
      },
      {
        "PropertyType": 3,
        "ValueType": 72,
        "BaseValue": 7590,
        "GrowValue": 17490
      }
    ]
  },
  "186": {
    "Position": 2,
    "AttackRange": 0,
    "MoveRange": 0,
    "BaseCritRate": 0,
    "GrowCritRate": 0,
    "BaseDamageBack": 0,
    "GrowDamageBack": 0,
    "PropertyAdd": [
      {
        "PropertyType": 1,
        "ValueType": 73,
        "BaseValue": 48740,
        "GrowValue": 96960
      },
      {
        "PropertyType": 3,
        "ValueType": 73,
        "BaseValue": 7000,
        "GrowValue": 13930
      }
    ]
  },
  "187": {
    "Position": 2,
    "AttackRange": 0,
    "MoveRange": 0,
    "BaseCritRate": 0,
    "GrowCritRate": 0,
    "BaseDamageBack": 0,
    "GrowDamageBack": 0,
    "PropertyAdd": [
      {
        "PropertyType": 1,
        "ValueType": 74,
        "BaseValue": 58480,
        "GrowValue": 132730
      },
      {
        "PropertyType": 3,
        "ValueType": 74,
        "BaseValue": 8400,
        "GrowValue": 19070
      }
    ]
  },
  "188": {
    "Position": 2,
    "AttackRange": 0,
    "MoveRange": 0,
    "BaseCritRate": 0,
    "GrowCritRate": 0,
    "BaseDamageBack": 0,
    "GrowDamageBack": 0,
    "PropertyAdd": [
      {
        "PropertyType": 1,
        "ValueType": 75,
        "BaseValue": 73110,
        "GrowValue": 168510
      },
      {
        "PropertyType": 3,
        "ValueType": 75,
        "BaseValue": 10500,
        "GrowValue": 24200
      }
    ]
  },
  "189": {
    "Position": 2,
    "AttackRange": 0,
    "MoveRange": 0,
    "BaseCritRate": 0,
    "GrowCritRate": 0,
    "BaseDamageBack": 0,
    "GrowDamageBack": 0,
    "PropertyAdd": [
      {
        "PropertyType": 1,
        "ValueType": 76,
        "BaseValue": 47960,
        "GrowValue": 95400
      },
      {
        "PropertyType": 3,
        "ValueType": 76,
        "BaseValue": 7370,
        "GrowValue": 14670
      }
    ]
  },
  "190": {
    "Position": 2,
    "AttackRange": 0,
    "MoveRange": 0,
    "BaseCritRate": 0,
    "GrowCritRate": 0,
    "BaseDamageBack": 0,
    "GrowDamageBack": 0,
    "PropertyAdd": [
      {
        "PropertyType": 1,
        "ValueType": 77,
        "BaseValue": 57550,
        "GrowValue": 130610
      },
      {
        "PropertyType": 3,
        "ValueType": 77,
        "BaseValue": 8850,
        "GrowValue": 20080
      }
    ]
  },
  "191": {
    "Position": 2,
    "AttackRange": 0,
    "MoveRange": 0,
    "BaseCritRate": 0,
    "GrowCritRate": 0,
    "BaseDamageBack": 0,
    "GrowDamageBack": 0,
    "PropertyAdd": [
      {
        "PropertyType": 1,
        "ValueType": 78,
        "BaseValue": 71940,
        "GrowValue": 165810
      },
      {
        "PropertyType": 3,
        "ValueType": 78,
        "BaseValue": 11060,
        "GrowValue": 25500
      }
    ]
  },
  "192": {
    "Position": 2,
    "AttackRange": 0,
    "MoveRange": 0,
    "BaseCritRate": 0,
    "GrowCritRate": 0,
    "BaseDamageBack": 0,
    "GrowDamageBack": 0,
    "PropertyAdd": [
      {
        "PropertyType": 1,
        "ValueType": 79,
        "BaseValue": 44060,
        "GrowValue": 87650
      },
      {
        "PropertyType": 3,
        "ValueType": 79,
        "BaseValue": 6630,
        "GrowValue": 13180
      }
    ]
  },
  "193": {
    "Position": 2,
    "AttackRange": 0,
    "MoveRange": 0,
    "BaseCritRate": 0,
    "GrowCritRate": 0,
    "BaseDamageBack": 0,
    "GrowDamageBack": 0,
    "PropertyAdd": [
      {
        "PropertyType": 1,
        "ValueType": 80,
        "BaseValue": 52870,
        "GrowValue": 119990
      },
      {
        "PropertyType": 3,
        "ValueType": 80,
        "BaseValue": 7950,
        "GrowValue": 18050
      }
    ]
  },
  "194": {
    "Position": 2,
    "AttackRange": 0,
    "MoveRange": 0,
    "BaseCritRate": 0,
    "GrowCritRate": 0,
    "BaseDamageBack": 0,
    "GrowDamageBack": 0,
    "PropertyAdd": [
      {
        "PropertyType": 1,
        "ValueType": 81,
        "BaseValue": 66090,
        "GrowValue": 152330
      },
      {
        "PropertyType": 3,
        "ValueType": 81,
        "BaseValue": 9940,
        "GrowValue": 22910
      }
    ]
  },
  "195": {
    "Position": 2,
    "AttackRange": 0,
    "MoveRange": 0,
    "BaseCritRate": 0,
    "GrowCritRate": 0,
    "BaseDamageBack": 0,
    "GrowDamageBack": 0,
    "PropertyAdd": [
      {
        "PropertyType": 1,
        "ValueType": 82,
        "BaseValue": 46010,
        "GrowValue": 91530
      },
      {
        "PropertyType": 3,
        "ValueType": 82,
        "BaseValue": 8120,
        "GrowValue": 16160
      }
    ]
  },
  "196": {
    "Position": 2,
    "AttackRange": 0,
    "MoveRange": 0,
    "BaseCritRate": 0,
    "GrowCritRate": 0,
    "BaseDamageBack": 0,
    "GrowDamageBack": 0,
    "PropertyAdd": [
      {
        "PropertyType": 1,
        "ValueType": 83,
        "BaseValue": 55210,
        "GrowValue": 125300
      },
      {
        "PropertyType": 3,
        "ValueType": 83,
        "BaseValue": 9750,
        "GrowValue": 22120
      }
    ]
  },
  "197": {
    "Position": 2,
    "AttackRange": 0,
    "MoveRange": 0,
    "BaseCritRate": 0,
    "GrowCritRate": 0,
    "BaseDamageBack": 0,
    "GrowDamageBack": 0,
    "PropertyAdd": [
      {
        "PropertyType": 1,
        "ValueType": 84,
        "BaseValue": 69010,
        "GrowValue": 159070
      },
      {
        "PropertyType": 3,
        "ValueType": 84,
        "BaseValue": 12180,
        "GrowValue": 28080
      }
    ]
  },
  "198": {
    "Position": 2,
    "AttackRange": 0,
    "MoveRange": 0,
    "BaseCritRate": 0,
    "GrowCritRate": 0,
    "BaseDamageBack": 0,
    "GrowDamageBack": 0,
    "PropertyAdd": [
      {
        "PropertyType": 1,
        "ValueType": 85,
        "BaseValue": 50690,
        "GrowValue": 100830
      },
      {
        "PropertyType": 3,
        "ValueType": 85,
        "BaseValue": 7750,
        "GrowValue": 15410
      }
    ]
  },
  "199": {
    "Position": 2,
    "AttackRange": 0,
    "MoveRange": 0,
    "BaseCritRate": 0,
    "GrowCritRate": 0,
    "BaseDamageBack": 0,
    "GrowDamageBack": 0,
    "PropertyAdd": [
      {
        "PropertyType": 1,
        "ValueType": 86,
        "BaseValue": 60820,
        "GrowValue": 138040
      },
      {
        "PropertyType": 3,
        "ValueType": 86,
        "BaseValue": 9300,
        "GrowValue": 21100
      }
    ]
  },
  "200": {
    "Position": 2,
    "AttackRange": 0,
    "MoveRange": 0,
    "BaseCritRate": 0,
    "GrowCritRate": 0,
    "BaseDamageBack": 0,
    "GrowDamageBack": 0,
    "PropertyAdd": [
      {
        "PropertyType": 1,
        "ValueType": 87,
        "BaseValue": 76030,
        "GrowValue": 175250
      },
      {
        "PropertyType": 3,
        "ValueType": 87,
        "BaseValue": 11620,
        "GrowValue": 26790
      }
    ]
  },
  "201": {
    "Position": 2,
    "AttackRange": 0,
    "MoveRange": 0,
    "BaseCritRate": 0,
    "GrowCritRate": 0,
    "BaseDamageBack": 0,
    "GrowDamageBack": 0,
    "PropertyAdd": [
      {
        "PropertyType": 1,
        "ValueType": 88,
        "BaseValue": 48350,
        "GrowValue": 96180
      },
      {
        "PropertyType": 3,
        "ValueType": 88,
        "BaseValue": 7600,
        "GrowValue": 15120
      }
    ]
  },
  "202": {
    "Position": 2,
    "AttackRange": 0,
    "MoveRange": 0,
    "BaseCritRate": 0,
    "GrowCritRate": 0,
    "BaseDamageBack": 0,
    "GrowDamageBack": 0,
    "PropertyAdd": [
      {
        "PropertyType": 1,
        "ValueType": 89,
        "BaseValue": 58020,
        "GrowValue": 131670
      },
      {
        "PropertyType": 3,
        "ValueType": 89,
        "BaseValue": 9120,
        "GrowValue": 20690
      }
    ]
  },
  "203": {
    "Position": 2,
    "AttackRange": 0,
    "MoveRange": 0,
    "BaseCritRate": 0,
    "GrowCritRate": 0,
    "BaseDamageBack": 0,
    "GrowDamageBack": 0,
    "PropertyAdd": [
      {
        "PropertyType": 1,
        "ValueType": 90,
        "BaseValue": 72520,
        "GrowValue": 167160
      },
      {
        "PropertyType": 3,
        "ValueType": 90,
        "BaseValue": 11400,
        "GrowValue": 26270
      }
    ]
  },
  "204": {
    "Position": 2,
    "AttackRange": 0,
    "MoveRange": 0,
    "BaseCritRate": 0,
    "GrowCritRate": 0,
    "BaseDamageBack": 0,
    "GrowDamageBack": 0,
    "PropertyAdd": [
      {
        "PropertyType": 1,
        "ValueType": 91,
        "BaseValue": 52640,
        "GrowValue": 104710
      },
      {
        "PropertyType": 3,
        "ValueType": 91,
        "BaseValue": 6780,
        "GrowValue": 13480
      }
    ]
  },
  "205": {
    "Position": 2,
    "AttackRange": 0,
    "MoveRange": 0,
    "BaseCritRate": 0,
    "GrowCritRate": 0,
    "BaseDamageBack": 0,
    "GrowDamageBack": 0,
    "PropertyAdd": [
      {
        "PropertyType": 1,
        "ValueType": 92,
        "BaseValue": 63160,
        "GrowValue": 143350
      },
      {
        "PropertyType": 3,
        "ValueType": 92,
        "BaseValue": 8130,
        "GrowValue": 18460
      }
    ]
  },
  "206": {
    "Position": 2,
    "AttackRange": 0,
    "MoveRange": 0,
    "BaseCritRate": 0,
    "GrowCritRate": 0,
    "BaseDamageBack": 0,
    "GrowDamageBack": 0,
    "PropertyAdd": [
      {
        "PropertyType": 1,
        "ValueType": 93,
        "BaseValue": 78950,
        "GrowValue": 181990
      },
      {
        "PropertyType": 3,
        "ValueType": 93,
        "BaseValue": 10160,
        "GrowValue": 23430
      }
    ]
  },
  "207": {
    "Position": 2,
    "AttackRange": 0,
    "MoveRange": 0,
    "BaseCritRate": 0,
    "GrowCritRate": 0,
    "BaseDamageBack": 0,
    "GrowDamageBack": 0,
    "PropertyAdd": [
      {
        "PropertyType": 1,
        "ValueType": 94,
        "BaseValue": 54590,
        "GrowValue": 108590
      },
      {
        "PropertyType": 3,
        "ValueType": 94,
        "BaseValue": 6550,
        "GrowValue": 13030
      }
    ]
  },
  "208": {
    "Position": 2,
    "AttackRange": 0,
    "MoveRange": 0,
    "BaseCritRate": 0,
    "GrowCritRate": 0,
    "BaseDamageBack": 0,
    "GrowDamageBack": 0,
    "PropertyAdd": [
      {
        "PropertyType": 1,
        "ValueType": 95,
        "BaseValue": 65500,
        "GrowValue": 148660
      },
      {
        "PropertyType": 3,
        "ValueType": 95,
        "BaseValue": 7860,
        "GrowValue": 17840
      }
    ]
  },
  "209": {
    "Position": 2,
    "AttackRange": 0,
    "MoveRange": 0,
    "BaseCritRate": 0,
    "GrowCritRate": 0,
    "BaseDamageBack": 0,
    "GrowDamageBack": 0,
    "PropertyAdd": [
      {
        "PropertyType": 1,
        "ValueType": 96,
        "BaseValue": 81880,
        "GrowValue": 188730
      },
      {
        "PropertyType": 3,
        "ValueType": 96,
        "BaseValue": 9830,
        "GrowValue": 22650
      }
    ]
  }
}